Workbook

Sheet Banco v2
A1: Linha original | B1: Triagem | C1: Justificativa da triagem | D1: Verificado por (humano) | E1: Data da verificacao | F1: Data | G1: Responsável | H1: Revisor | I1: Status | J1: Ano | K1: Título | L1: DOI | M1: Revista | N1: Espécie | O1: Alvo | P1: Rota de entrega | Q1: Forma do dsRNA | R1: Valor da dose | S1: Unidade da dose | T1: Tempo de exposição | U1: Parâmetro 1 | V1: Valor 1 | W1: Parâmetro 2 | X1: Valor 2 | Y1: Parâmetro 3 | Z1: Valor 3 | AA1: Parâmetro 4 | AB1: Valor 4 | AC1: Parâmetro 5 | AD1: Valor 5 | AE1: Endpoint | AF1: Método da medição | AG1: Grupo controle | AH1: Grau de transferibilidade | AI1: Limitação principal | AJ1: Decisão afetada | AK1: Ação recomendada | AL1: Observações
A2: 2 | B2: 1 - Verificar (prioridade) | C2: Grau 1, D. maidis. Valor qualitativo ('Não significativo'): extrair o valor numerico de fold-change e o p do artigo. | F2: 30/05 | G2: Beatriz | H2: Beatriz | I2: Em análise | J2: 2021 | K2: Assessing the Functionality of RNA Interference (RNAi) in the Phloem-feeding Maize pest Dalbulus maidis | L2: 10.1101/2021.09.29.462424 | M2: bioRxiv | N2: Dalbulus maidis | O2: V-ATPase D | P2: Dieta artificial | Q2: dsRNA nu | R2: 500 | S2: ng/µL | T2: 2 dias | U2: knockdown_alvo | V2: Não significativo | AE2: Análise temporal imediata | AF2: RT-qPCR | AG2: dsGFP | AH2: 1 - Direta | AI2: Curva amostral ainda incompleta para fenótipo final em D. | AJ2: Modelo de latência | AK2: Inserir parâmetro dinâmico para dias > 3. | AL2: Comportamento paralelo à subunidade B demonstrado na curva quantitativa de qPCR. | Desagregado do registro agregado anterior; conferir estágio ninfal, valores e janela temporal no preprint.
A3: 3 | B3: 1 - Verificar (prioridade) | C3: Dado quantitativo mais estrategico do banco (tempo ate floema). Sustenta o gate de E_ing foliar. Conferir Tabela do artigo. | F3: 46059 | G3: Daniel | H3: Beatriz | I3: Em análise | J3: 2021 | K3: Probing behavior of the corn leafhopper Dalbulus maidis on susceptible and resistant maize hybrids | L3: 10.1371/journal.pone.0259481 | M3: PLoS ONE | N3: Dalbulus maidis | O3: EPG | P3: Foliar | T3: 20 h | U3: tempo_ate_floema | V3: 313.97 min | W3: tempo_gasto_floema | X3: ~80% | AE3: Topologia alimentar em var. DK670 | AF3: Electrical Penetration Graph | AG3: DK670 (suscetível) | AH3: 2 - Parcialmente direta | AI3: Inexistem patógenos em avaliação cruzada no estilete elétrico livre. | AJ3: Modelo E_ing foliar | AK3: Invalidar a eficácia primária teórica do spray depositado restrito na epiderme cuticular seca. | AL3: Cigarrinhas exigiram >5h de sondagem para engatar floema plenamente e raramente re-sondaram cutículas cerosas. | Adicionar ao gate de entrega; conferir interpretação exata das ondas e métricas no artigo primário.
A4: 4 | B4: 1 - Verificar (prioridade) | C4: Complementa a linha 3. Valores qualitativos ('Elevada','Presentes') precisam virar numero ou serem marcados como categoricos. | F4: 46059 | G4: Daniel | H4: Beatriz | I4: Em análise | J4: 2021 | K4: Probing behavior of the corn leafhopper Dalbulus maidis on susceptible and resistant maize hybrids | L4: 10.1371/journal.pone.0259481 | M4: PLoS ONE | N4: Dalbulus maidis | O4: EPG | P4: Foliar | T4: 20 h | U4: frequencia_sondagem_mesofilo | V4: Elevada | W4: falhas_ingestao_floematica | X4: Presentes | AE4: Ondas resistivas alimentares Dm1 a Dm5 | AF4: EPG em circuito DC ouro | AG4: DK390 (resistente) | AH4: 2 - Parcialmente direta | AI4: Sem adição de formulação nanoestruturada na lâmina botânica em vivo. | AJ4: Modelo comportamental de restrição de prova | AK4: Tratar o tecido mesofilar em planta resistente como insalubre para sucção. | AL4: Evidenciou ondas Dm1 intensificadas em falhas repetitivas rejeitando fluidos extra-floemáticos rasos superficiais. | Adicionar ao gate de entrega; conferir interpretação exata das ondas e métricas no artigo primário.
A5: 5 | B5: 3 - Nao usar / corrigir | C5: Sem DOI. Rendimento 3,4 ug/mL conflita ~28x com a linha 34 (95 ug/mL) para o mesmo sistema. Identificar a fonte primaria antes de qualquer uso. | F5: 46059 | G5: Daniel | H5: Beatriz | I5: Revisado | J5: 2021 | K5: Scale-up of double-stranded RNA production in fed-batch fermentation... (Citado em PMC8473835) | L5: 10.1186/s12896-015-0226-9 | M5: Journal of Biotechnology | N5: Escherichia coli HT115 | O5: dsRNA amplo | P5: Fermentação | Q5: Plasmídeo interno (L4440) | U5: rendimento_dsRNA | V5: 3.4 µg/mL | AE5: Produtividade do extrato reacional | AF5: Extração fenol-clorofórmio; quantificação por absorbância UV 260 nm | AG5: Comparação com a condição fed-batch da mesma fonte (linha 34, 95.0 µg/mL) | AH5: 4 - Especulativa | AI5: Sistema é E. coli (RNase III−), não B. subtilis; mede rendimento genérico de dsRNA para contexto WSSV/camarão, não eficácia em inseto. | AJ5: Limiar e baseline paramétrica inicial econômica | AK5: Empregar 3-5 ug/mL como cenário pessimista logístico | AL5: Ambos os valores (linhas 5 e 34) são corretos e vêm do mesmo estudo/mesma tabela — não é conflito de dado, é comparação batelada-vs-fed-batch dentro do próprio experimento.
A6: 6 | B6: 1 - Verificar (prioridade) | C6: Melhor dado quantitativo do banco. A estratificacao regional fornece dispersao empirica para a prior de fecundidade basal. | F6: 29/05 | G6: Gabriel | H6: Daniel | I6: Em análise | J6: 2010 | K6: Comparison of Fecundity and Body Size of Mexican and Argentinian Populations of Dalbulus maidis (Hemiptera: Cicadellidae) | L6: doi.org/10.1603/AN09164 | M6: Annals of the Entomological Society of America | N6: Dalbulus maidis / Argentina <1000 m | O6: Fecundidade basal | T6: 5 dias | U6: ovos_por_fêmea | V6: ~20 ovos/fêmea em 5 dias | AE6: Oviposição basal | AF6: Contagem manual de ovos em folhas de milho | AH6: 2 - Parcialmente direta | AI6: Não envolve RNAi nem tratamento molecular / mede apenas baseline populacional | AJ6: Modelo oviposição / baseline de fecundidade | AK6: Usar como prior fraco para fecundidade basal | AL6: Argentina <1000 m
A7: 7 | B7: 2 - Usar com ressalva | C7: Vmax/Km sao Michaelis-Menten, nao decaimento de 1a ordem. ALERTA DE UNIDADE: dose registrada como 500 uM e implausivel; conferir se e uM de nucleotideos ou de moleculas (diferenca de ~10^3). | F7: 29/05 | G7: Nicolas | H7: Daniel | I7: Em análise | J7: 2018 | K7: Biochemical Comparison of dsRNA Degrading Nucleases in Four Different Insects | L7: 10.3389/fphys.2018.00624 | M7: Frontiers in Physiology | N7: Locusta migratoria | O7: dsRNA de EGFP | P7: In vitro | Q7: dsRNA nu | R7: 500 | S7: µM | U7: Vmax | V7: 9.46 µM·s⁻¹ | W7: Km | X7: 3.06 µM | AE7: Atividade nuclease | AF7: Fluorescência | AG7: Tampão | AH7: 4 - Especulativa | AI7: Inseto não sugador e ensaio in vitro / extrapolação forte para D. maidis | AJ7: Modelo k_deg | AK7: Usar apenas qualitativamente | AL7: Útil como cenário de comparação enzimática / não usar como parâmetro direto sem calibração
A8: 8 | B8: 2 - Usar com ressalva | C8: Idem linha 7. Especie nao sugadora, ensaio in vitro. | F8: 29/05 | G8: Nicolas | H8: Daniel | I8: Em análise | J8: 2018 | K8: Biochemical Comparison of dsRNA Degrading Nucleases in Four Different Insects | L8: 10.3389/fphys.2018.00624 | M8: Frontiers in Physiology | N8: Periplaneta americana | O8: dsRNA de EGFP | P8: In vitro | Q8: dsRNA nu | R8: 500 | S8: µM | U8: Vmax | V8: 3.58 µM·s⁻¹ | W8: Km | X8: 0.27 µM | AE8: Atividade nuclease | AF8: Fluorescência | AG8: Tampão | AH8: 4 - Especulativa | AI8: Inseto não sugador e ensaio in vitro / extrapolação forte para D. maidis | AJ8: Modelo k_deg | AK8: Usar apenas qualitativamente | AL8: Útil como cenário de comparação enzimática / não usar como parâmetro direto sem calibração
A9: 9 | B9: 2 - Usar com ressalva | C9: Idem linha 7. Especie nao sugadora, ensaio in vitro. | F9: 29/05 | G9: Nicolas | H9: Daniel | I9: Em análise | J9: 2018 | K9: Biochemical Comparison of dsRNA Degrading Nucleases in Four Different Insects | L9: 10.3389/fphys.2018.00624 | M9: Frontiers in Physiology | N9: Zophobas atratus | O9: dsRNA de EGFP | P9: In vitro | Q9: dsRNA nu | R9: 500 | S9: µM | U9: Vmax | V9: 38.87 µM·s⁻¹ | W9: Km | X9: 17.59 µM | AE9: Atividade nuclease | AF9: Fluorescência | AG9: Tampão | AH9: 4 - Especulativa | AI9: Inseto não sugador e ensaio in vitro / extrapolação forte para D. maidis | AJ9: Modelo k_deg | AK9: Usar apenas qualitativamente | AL9: Útil como cenário de comparação enzimática / não usar como parâmetro direto sem calibração
A10: 10 | B10: 2 - Usar com ressalva | C10: Util para gatilho reprodutivo e modelagem populacional; nao fornece ovos/femea/dia. | F10: 29/05 | G10: Gabriel | H10: Daniel | I10: Em análise | J10: 2025 | K10: Reproductive strategy of overwintering Dalbulus maidis (Hemiptera: Cicadellidae) in subtropical areas: neither temperature nor photoperiod, only corn triggers oviposition | L10: 10.1002/ps.70227 | M10: Pest Management Science | N10: Dalbulus maidis | O10: Oviposição basal / ativação ovariana | P10: Não informado | T10: > 2 semanas | U10: gatilho_da_oviposição | V10: Presença de planta de milho | W10: fertilidade | X10: > 80% por mais de 2 semanas (fêmeas hibernantes, sem machos) | Y10: estado_ovariano | Z10: Ovários inativos mas fertilizados no inverno (quiescência reprodutiva) | AE10: Oviposição (ativação reprodutiva) | AF10: Bioensaio de oviposição / dissecção ovariana | AG10: Fêmeas em diferentes condições (temperatura, fotoperíodo, milho) | AH10: 3 - Indireta | AI10: Foco em fêmeas hibernantes; não fornece ovos/fêmea/dia quantitativo | AJ10: Modelo oviposição / baseline de fecundidade | AK10: Usar como prior fraco | AL10: Útil para modelagem populacional e gatilho reprodutivo; não envolve RNAi.
A11: 11 | B11: 1 - Verificar (prioridade) | C11: Central para k_deg, mas 'degradacao total ~100% em 12h' so define limite inferior de k. Extrair curva temporal se o artigo publicar. | F11: 46059 | G11: Daniel | H11: Gabriel | I11: Revisado | J11: 2023 | K11: Knockdown of double-stranded RNases enhances oral RNA interference in the corn leafhopper | L11: 10.1016/j.pestbp.2023.105618 | M11: Pesticide Biochemistry and Physiology | N11: Dalbulus maidis | O11: dsRNase-2 | P11: In vitro | Q11: dsRNA nu | T11: 12 h | U11: degradacao_saliva | V11: Total (~100%) | AE11: Degradação estrutural de fita RNA | AF11: Gel de degradação | AH11: 1 - Direta | AI11: Não reflete metabolismo dinâmico de produção celular vivo. | AJ11: Modelo k_deg temporal | AK11: Aplicar constante severa nos fluidos gástricos. | AL11: Glândula salivar exibiu degradação profunda em intervalo restrito. | Linha separada para parametrização explícita de degradação ex vivo e estimativa de k_deg.
A12: 12 | B12: 1 - Verificar (prioridade) | C12: Grau 1. Dose de 500 ng/uL e incompativel com escalonamento; usar como teto, nao como faixa operacional. | F12: 30/05 | G12: Beatriz | H12: Gabriel | I12: Revisado | J12: 2021 | K12: Assessing the Functionality of RNA Interference (RNAi) in the Phloem-feeding Maize pest Dalbulus maidis | L12: 10.1101/2021.09.29.462424 | M12: bioRxiv | N12: Dalbulus maidis | O12: V-ATPase B | P12: Dieta artificial | Q12: dsRNA nu | R12: 500 | S12: ng/µL | T12: 4 dias | U12: sobrevivencia | V12: ~16% | W12: deformacao_asa | X12: Alta significância | AE12: Sobrevivência e má-formação ecdise | AF12: Bioensaio visual e microscopia | AG12: dsGFP | AH12: 1 - Direta | AI12: Dose exagerada incompatível com escalonamento puro de produção. | AJ12: Desenho experimental de viabilidade | AK12: Ajustar limiar EC50 agressivo do letal agudo. | AL12: A deformação aguda foi corroborada pelo teste chi-quadrado. | Desagregado do registro agregado anterior; conferir estágio ninfal, valores e janela temporal no preprint.
A13: 13 | B13: 1 - Verificar (prioridade) | C13: Grau 1. Conferir se a diferenca B vs D e estatisticamente sustentada. | F13: 30/05 | G13: Beatriz | H13: Gabriel | I13: Revisado | J13: 2021 | K13: Assessing the Functionality of RNA Interference (RNAi) in the Phloem-feeding Maize pest Dalbulus maidis | L13: 10.1101/2021.09.29.462424 | M13: bioRxiv | N13: Dalbulus maidis | O13: V-ATPase D | P13: Dieta artificial | Q13: dsRNA nu | R13: 500 | S13: ng/µL | T13: 4 dias | U13: sobrevivencia | V13: ~18% | W13: deformacao_asa | X13: Não significativa | AE13: Mortalidade letal direta | AF13: Bioensaio em ninfas de quinto instar | AG13: dsGFP | AH13: 1 - Direta | AI13: Fenótipo anômalo não obteve robustez estatística. | AJ13: Escolha do alvo preferencial inter-subunidades | AK13: Avançar com modelo de sobrevivência para subunidade B como superior à D. | AL13: Diferença sutil no impacto pós-muda em relação ao grupo tratado B. | Desagregado do registro agregado anterior; conferir estágio ninfal, valores e janela temporal no preprint.
A14: 14 | B14: 1 - Verificar (prioridade) | C14: Grau 1, janela temporal curta. Sustenta hipotese de latencia (t_delay), nao de ausencia de efeito. | F14: 30/05 | G14: Beatriz | H14: Gabriel | I14: Revisado | J14: 2021 | K14: Assessing the Functionality of RNA Interference (RNAi) in the Phloem-feeding Maize pest Dalbulus maidis | L14: 10.1101/2021.09.29.462424 | M14: bioRxiv | N14: Dalbulus maidis | O14: V-ATPase B | P14: Dieta artificial | Q14: dsRNA nu | R14: 500 | S14: ng/µL | T14: 2 dias | U14: knockdown_alvo | V14: Não significativo | AE14: Análise temporal imediata de redução de transcrito | AF14: RT-qPCR | AG14: dsGFP | AH14: 1 - Direta | AI14: Restrito apenas à janela inicial não-cumulativa. | AJ14: Modelo de latência temporal (t_delay) | AK14: Definir falha no decaimento expressivo nas primeiras 48h da simulação preditiva. | AL14: Confirma atraso intrínseco e sistemático no espraiamento celular de transcritos V-ATPase. | Desagregado do registro agregado anterior; conferir estágio ninfal, valores e janela temporal no preprint.
A15: 15 | B15: 2 - Usar com ressalva | C15: Contexto ecologico (mortalidade natural de ovos). Nao usar em decisao de potencia molecular. | F15: 28/05 | G15: Marcos | H15: Jhenifer | I15: Em análise | J15: 2009 | K15: Egg Parasitoids of Dalbulus maidis (Hemiptera: Cicadellidae) in Jalisco State, Mexico | L15: 10.1653/024.092.0316 | M15: Florida Entomologist | N15: Dalbulus maidis | O15: Parasitismo natural de ovos | P15: Coleta de ovos sentinela em campo | T15: 72–96 h de exposição em campo; ovos com menos de 24 h | U15: ovos_expostos | V15: aproximadamente 1600 ovos sentinela | W15: parasitoides_emergidos | X15: 923 vespas emergidas | Y15: parasitoides_identificados | Z15: 5 táxons: Anagrus breviphragma; Polynema sp.; Paracentrobia nr subflava; Aphelinoidea sp.; Pseudoligosita sp. | AA15: local_coleta | AB15: Zapopan e El Grullo, Jalisco, México | AC15: distribuição_por_local | AD15: El Grullo: 419 parasitoides; Zapopan: 504 parasitoides | AE15: Emergência e identificação de parasitoides de ovos | AF15: Exposição de ovos sentinela em plantas de milho; incubação de folhas em laboratório; emergência de adultos; identificação taxonômica | AG15: Não há controle experimental clássico; estudo observacional com ovos sentinela | AH15: 2 - Parcialmente direta | AI15: A taxa real de parasitismo não foi medida; estudo feito no México; não envolve RNAi, BicC, dsRNase-2 ou entrega por Bacillus | AJ15: Modelo oviposição-população; mortalidade natural de ovos; incerteza ecológica basal | AK15: Usar como prior fraco para mortalidade natural de ovos; não usar como taxa direta de parasitismo sem validação
A16: 16 | B16: 2 - Usar com ressalva | C16: Responde diretamente a questao da RNase III no chassi: B. subtilis dRncS produz dsRNA funcional. Mas C. elegans e bacterivoro; nao transfere para hemiptero. | F16: 28/05 | G16: Marcos | H16: Jhenifer | I16: Em análise | J16: 2015 | K16: Specific RNA Interference in Caenorhabditis elegans by Ingested dsRNA Expressed in Bacillus subtilis | L16: 10.1371/journal.pone.0124508 | M16: PLoS ONE | N16: Bacillus subtilis; Caenorhabditis elegans | O16: GFP transgênico; DAF-16::GFP; SUR-5::GFP | P16: Bactéria oral; alimentação em placa NGM contendo B. subtilis recombinante | Q16: dsRNA bacteriano produzido em B. subtilis ΔrncS por vetor pBSR-GFP com promotores Pspac bidirecionais | T16: 24 h de alimentação | U16: animais_com_redução_GFP | V16: aproximadamente 90–95% dos animais | W16: GFP_DAF16_residual | X16: 3% da expressão original | Y16: redução_GFP_SUR5 | Z16: quase 6 vezes menor | AA16: IPTG_indução | AB16: 2 mM em placas NGM-RNAi | AC16: fragmento_GFP | AD16: 750 bp | AE16: Knockdown funcional de GFP por RNAi após ingestão de B. subtilis expressando dsRNA | AF16: Alimentação bacteriana; microscopia de fluorescência; quantificação por ImageJ; comparação estatística por t-test | AG16: B. subtilis BG322 com vetor pBSR vazio/original | AH16: 4 - Especulativa | AI16: C. elegans é bacterívoro e ingere/tritura bactérias diretamente; não representa alimentação estiletar de Dalbulus maidis; não mede BicC, dsRNase-2, oviposição, esporo foliar, milho tratado nem dose absoluta de dsRNA | AJ16: Biofábrica; desenho do chassi; gate de payload; hipótese de entrega bacteriana | AK16: Usar como evidência de que B. subtilis ΔrncS pode expressar dsRNA funcional; não usar como prova de entrega em D. maidis; medir payload_dsRNA no chassi BioGuard e testar ingestão/recuperação em cigarrinha antes de assumir eficácia | AL16: Verificar em Materials and Methods: construção pBSR, fragmento GFP de 750 bp, B. subtilis BG322 ΔrncS e indução por IPTG; verificar em Results/Fig. 2: queda de GFP após ingestão. O artigo sustenta biofábrica bacteriana em modelo distante, mas não valida Bacillus foliar/esporulado para Dalbulus maidis.
A17: 17 | B17: 1 - Verificar (prioridade) | C17: Ver linha 6. | F17: 29/05 | G17: Gabriel | H17: Jhenifer | I17: Em análise | J17: 2010 | K17: Comparison of Fecundity and Body Size of Mexican and Argentinian Populations of Dalbulus maidis (Hemiptera: Cicadellidae) | L17: 10.1603/AN09164 | M17: Annals of the Entomological Society of America | N17: Dalbulus maidis / México >1000 m | O17: Fecundidade basal | T17: 5 dias | U17: ovos_por_fêmea | V17: ~26 ovos/fêmea em 5 dias | AE17: Oviposição basal | AF17: Contagem manual de ovos em folhas de milho | AH17: 2 - Parcialmente direta | AI17: Não envolve RNAi nem tratamento molecular / mede apenas baseline populacional | AJ17: Modelo oviposição / baseline de fecundidade | AK17: Usar como prior fraco para fecundidade basal | AL17: México >1000 m
A18: 18 | B18: 1 - Verificar (prioridade) | C18: Ver linha 6. | F18: 29/05 | G18: Gabriel | H18: Jhenifer | I18: Em análise | J18: 2010 | K18: Comparison of Fecundity and Body Size of Mexican and Argentinian Populations of Dalbulus maidis (Hemiptera: Cicadellidae) | L18: 10.1603/AN09164 | M18: Annals of the Entomological Society of America | N18: Dalbulus maidis / México <1000 m | O18: Fecundidade basal | T18: 5 dias | U18: ovos_por_fêmea | V18: ~13 ovos/fêmea em 5 dias | AE18: Oviposição basal | AF18: Contagem manual de ovos em folhas de milho | AH18: 2 - Parcialmente direta | AI18: Não envolve RNAi nem tratamento molecular / mede apenas baseline populacional | AJ18: Modelo oviposição / baseline de fecundidade | AK18: Usar como prior fraco para fecundidade basal | AL18: México <1000 m
A19: 19 | B19: 1 - Verificar (prioridade) | C19: Ver linha 6. | F19: 29/05 | G19: Gabriel | H19: Jhenifer | I19: Em análise | J19: 2010 | K19: Comparison of Fecundity and Body Size of Mexican and Argentinian Populations of Dalbulus maidis (Hemiptera: Cicadellidae) | L19: 10.1603/AN09164 | M19: Annals of the Entomological Society of America | N19: Dalbulus maidis / Argentina >1000 m | O19: Fecundidade basal | T19: 5 dias | U19: ovos_por_fêmea | V19: ~20 ovos/fêmea em 5 dias | AE19: Oviposição basal | AF19: Contagem manual de ovos em folhas de milho | AH19: 2 - Parcialmente direta | AI19: Não envolve RNAi nem tratamento molecular / mede apenas baseline populacional | AJ19: Modelo oviposição / baseline de fecundidade | AK19: Usar como prior fraco para fecundidade basal | AL19: Argentina >1000 m
A20: 20 | B20: 1 - Verificar (prioridade) | C20: Rota de injecao contorna a barreira luminal. Substituir 'aprox. 0 ovos' por valor numerico e n. | F20: 30/05 | G20: Sofia | H20: Marcos | I20: Em análise | J20: 2022 | K20: Development of efficient RNAi methods in the corn leafhopper Dalbulus maidis | L20: 10.1002/ps.6937 | M20: Pest Management Science | N20: Dalbulus maidis | O20: BicC | P20: Injeção | Q20: dsRNA nu | R20: 100 | S20: ng/µL | T20: 7 dias | U20: ovos_por_fêmea | V20: ~0 ovos | W20: sobrevivência | X20: 0.9 | AE20: Oviposição letal (fecundidade) | AF20: Contagem manual e microscopia | AG20: dsGFP | AH20: 2 - Parcialmente direta | AI20: Método contorna a barreira do trato digestivo e não avalia via oral. | AJ20: Escolha do alvo | AK20: Validar capacidade em rota oral. | AL20: Dose induziu parada reprodutiva e fenótipo ovariano opaco/abortivo. | Consolidado com o registro previamente preenchido por Sofia; conferir valores no artigo primário.
A21: 21 | B21: 1 - Verificar (prioridade) | C21: Mesma penetrancia da linha 20 com o dobro da dose: sugere saturacao. Relevante para EC50/Emax. | F21: 30/05 | G21: Sofia | H21: Marcos | I21: Em análise | J21: 2022 | K21: Development of efficient RNAi methods in the corn leafhopper Dalbulus maidis | L21: 10.1002/ps.6937 | M21: Pest Management Science | N21: Dalbulus maidis | O21: BicC | P21: Injeção | Q21: dsRNA nu | R21: 200 | S21: ng/µL | T21: 7 dias | U21: ovos_por_fêmea | V21: ~0 ovos | W21: sobrevivência | X21: 0.9 | AE21: Oviposição letal (fecundidade) | AF21: Contagem manual e microscopia | AG21: dsGFP | AH21: 2 - Parcialmente direta | AI21: Injeção não comprova captação estiletar. | AJ21: Modelo dose-resposta | AK21: Comparar com as doses intra-abdominais menores. | AL21: Atingiu penetrância idêntica à dose de 100 ng/µL. | Consolidado com o registro previamente preenchido por Sofia; conferir valores no artigo primário.
A22: 22 | B22: 1 - Verificar (prioridade) | C22: Grau 1, rota oral. 'Alta reducao' precisa virar fold-change numerico. Linha critica para dose-resposta oral. | F22: 30/05 | G22: Sofia | H22: Marcos | I22: Em análise | J22: 2022 | K22: Development of efficient RNAi methods in the corn leafhopper Dalbulus maidis | L22: 10.1002/ps.6937 | M22: Pest Management Science | N22: Dalbulus maidis | O22: BicC | P22: Dieta artificial | Q22: dsRNA nu | R22: 200 | S22: ng/µL | T22: 3 dias | U22: knockdown_BicC | V22: Alta redução | AE22: Knockdown de transcrito | AF22: RT-qPCR | AG22: dsGFP | AH22: 1 - Direta | AI22: Dieta contorna dificuldades do mesofilo foliar. | AJ22: Faixa de dose inicial | AK22: Adotar como teto no ensaio in vitro. | AL22: Exposição de 3 dias de alimentação confirmada por EPG breve. | Consolidado com o registro previamente preenchido por Sofia; conferir valores no artigo primário.
A23: 23 | B23: 1 - Verificar (prioridade) | C23: Grau 1, rota oral. 'Queda drastica' precisa virar valor. Linha critica para dose-resposta oral. | F23: 46059 | G23: Daniel | H23: Marcos | I23: Em análise | J23: 2022 | K23: Development of efficient RNAi methods in the corn leafhopper Dalbulus maidis | L23: 10.1002/ps.6937 | M23: Pest Management Science | N23: Dalbulus maidis | O23: BicC | P23: Dieta artificial | Q23: dsRNA nu | R23: 100 | S23: ng/µL | T23: 3 dias | U23: knockdown_BicC | V23: Queda drástica | AE23: Knockdown de transcrito | AF23: RT-qPCR | AG23: dsGFP | AH23: 1 - Direta | AI23: Não testa Bacillus em folha real. | AJ23: Faixa de dose inicial | AK23: Usar no modelo dose-resposta oral. | AL23: Bioensaio confinado por parafilm. Valor quantitativo não numérico no resumo. | Nova condição separada do registro didático de 48 h; conferir valor quantitativo no artigo primário.
A24: 24 | B24: 2 - Usar com ressalva | C24: Hemiptero, rota planta transgenica. Prior fraco para RNAi oral. | F24: 28/05 | G24: Nicolas | H24: Mariana | I24: Em análise | J24: 2011 | K24: Knockdown of Midgut Genes by dsRNA-Transgenic Plant-Mediated RNA Interference in the Hemipteran Insect Nilaparvata lugens | L24: 10.1371/journal.pone.0020504 | M24: PLoS ONE | N24: Nilaparvata lugens | O24: Nicar | P24: Planta transgênica | Q24: Planta expressando dsRNA | T24: 2 a 4 dias | U24: knockdown_alvo | V24: 42.1%–43.3% | W24: mortalidade | X24: Não observado | AE24: Knockdown de transcrito | AF24: qRT-PCR / Northern blot | AG24: WT / vetor vazio | AH24: 3 - Indireta | AI24: Outro hemíptero e rota planta-transgênica / não informa dose absoluta ingerida | AJ24: Rota de entrega / controle experimental | AK24: Usar como prior fraco para RNAi oral em hemípteros | AL24: O dado sustenta que planta pode entregar dsRNA funcional em hemíptero sugador, mas não valida Bacillus foliar
A25: 25 | B25: 2 - Usar com ressalva | C25: Idem linha 24. Padronizar grafia do alvo (Nitry / Nltry). | F25: 28/05 | G25: Nicolas | H25: Mariana | I25: Em análise | J25: 2011 | K25: Knockdown of Midgut Genes by dsRNA-Transgenic Plant-Mediated RNA Interference in the Hemipteran Insect Nilaparvata lugens | L25: 10.1371/journal.pone.0020504 | M25: PLoS ONE | N25: Nilaparvata lugens | O25: Nitry | P25: Planta transgênica | Q25: Planta expressando dsRNA | T25: 2 a 4 dias | U25: knockdown_alvo | V25: 61%–73.3% | W25: mortalidade | X25: Não observado | AE25: Knockdown de transcrito | AF25: qRT-PCR / Northern blot | AG25: WT / vetor vazio | AH25: 3 - Indireta | AI25: Outro hemíptero e rota planta-transgênica / não informa dose absoluta ingerida | AJ25: Rota de entrega / controle experimental | AK25: Usar como prior fraco para RNAi oral em hemípteros | AL25: O dado sustenta que planta pode entregar dsRNA funcional em hemíptero sugador, mas não valida Bacillus foliar | Conferir se o valor máximo do intervalo corresponde especificamente ao quarto dia.
A26: 26 | B26: 2 - Usar com ressalva | C26: Artigo revisado e mudado pra "usar com ressalva" | F26: 28/05 | G26: Nicolas | H26: Mariana | I26: Revisado | J26: 2021 | K26: Optimizing Efficient RNAi-Mediated Control of Hemipteran Pests (Psyllids, Leafhoppers, Whitefly): Modified Pyrimidines in dsRNA Triggers | L26: https://doi.org/10.3390/plants10091782 | M26: Plants for MDPI | N26: Diaphorina citri (Hemiptera: Liviidae) | O26: Cactin | P26: Foliar | Q26: dsRNA com pirimidinas modificadas (2'-F-Citosina / 2'-F-Uracila, ~30–55% de substituição) | R26: 2 | S26: µg/planta | T26: 8 dias | U26: mortalidade_adultos | V26: 58.8% ± SE 0.64 (n=9) | AE26: Mortalidade | AF26: Bioensaio de mortalidade; ANOVA one-way + Tukey post-hoc (p<0.05) | AG26: dsRNA-CSBV (2 µg, controle não relacionado): 21.4% ± SE 0.66; controle água | AH26: 3 - Indireta | AI26: Psilídeo (não cigarrinha); spray tópico direto em citros (não dieta artificial); resultado é 1 de várias condições/espécies/genes do artigo (também testa B. tabaci e H. vitripennis, e genes Trehalase e Syntaxin1A, não capturados nesta linha). | AJ26: Faixa de dose / forma do dsRNA | AK26: Usar como evidência indireta de que pirimidinas modificadas (2'-F) aumentam mortalidade ~13 pontos percentuais vs. dsRNA não-modificado no mesmo alvo/dose em Hemiptera; não extrapolar valor absoluto de mortalidade para D. maidis. | AL26: µg/planta" (dose total por muda em spray tópico) não está no vocabulário controlado de Unidade da dose (que é todo em concentração/dose por inseto); mantive por ser o mais fiel ao artigo, mas não é diretamente comparável a doses em ng/µL de outras linhas
A27: 27 | B27: 2 - Usar com ressalva | C27: Controle positivo de maquinaria RNAi. Parametros registrados sao de desenho experimental, nao de efeito. | F27: 28/05 | G27: Nicolas | H27: Mariana | I27: Em análise | J27: 2012 | K27: Molecular characterization and gene functional analysis of Dicer-2 gene from Nilaparvata lugens | L27: 10.1111/j.1744-7917.2012.01539.x | M27: Insect Science | N27: Nilaparvata lugens | O27: NlDcr-2 | P27: Dieta artificial | Q27: dsRNA nu | R27: 500 | S27: ng/µL | T27: 4 dias | U27: n_indivíduos | V27: 25 ninfas | W27: volume_dieta_total | X27: 40 µL | AE27: Knockdown de transcrito | AF27: RT-PCR convencional / qRT-PCR | AG27: dsGFP | AH27: 3 - Indireta | AI27: Outro hemíptero / endpoint molecular sem oviposição | AJ27: Faixa de dose / controle positivo de maquinaria RNAi | AK27: Usar como faixa inicial e controle positivo em hemíptero sugador | AL27: A linha existente na planilha não preserva valor quantitativo de knockdown / retornar ao artigo para extrair a curva | Confirmar ano bibliográfico final e extrair valor quantitativo de knockdown.
A28: 28 | B28: 2 - Usar com ressalva | C28: Riboswitches: relevante para engenharia de expressao no chassi, nao para RNAi. | F28: 28/05 | G28: Tales | H28: Mariana | I28: Em análise | J28: 2021 | K28: Targeting riboswitches with synthetic small RNAs for metabolic engineering | L28: 10.1101/2021.06.21.449321 | M28: bioRxiv | N28: Bacillus subtilis | O28: Riboswitches (purE, pbuE, xpt, ribDG) | P28: Fermentação | Q28: sRNA sintético | U28: ativação da expressão (pbuE) | V28: 103 vezes | W28: aumento da riboflavina (ribDG) | X28: 0,5 | Y28: aumento com operon de sRNAs | Z28: 5 vezes | AE28: Ativação da expressão gênica (luciferase/bioluminescência); produção de riboflavina | AF28: Ensaio de luciferase in vitro; bioluminescência in vivo (luxABCDE); HPLC para riboflavina | AG28: Cepa B. subtilis sem sRNA (parental) | AH28: 4 - Especulativa | AI28: Espécie diferente de D. maidis; tecnologia de sRNA para ativação de genes, não RNAi para knockdown; não envolve dsRNA nem entrega oral a inseto | AJ28: Biofábrica | AK28: Não usar em modelo | AL28: Útil para engenharia do chassi; não sustenta entrega nem eficácia de RNAi em inseto.
A29: 29 | B29: 3 - Nao usar / corrigir | C29: Sem parametro, sem endpoint, sem grau atribuido. | F29: 21/05 | G29: Daniel | H29: Nicolas | I29: Revisado | J29: 2022 | K29: Probiotics expressing double-stranded RNA targeting VP28 efficiently protect shrimps from WSSV infection | L29: 10.1016/j.aqrep.2022.101067 | M29: Aquaculture Reports | N29: Litopenaeus vannamei | O29: VP28 (gene estrutural do vírus WSSV; alvo do dsRNA hairpin) | P29: Bactéria oral (probiótico administrado por imersão em água do tanque, 1x/dia por 5 dias, antes de desafio oral com WSSV) | Q29: dsRNA bacteriano (hairpin dsVP28, vetor pWH1520, expresso em Lactobacillus plantarum ou Lactococcus lactis) | R29: 4,5 × 10¹⁰ | S29: CFU/2 L | T29: 5 dias de imersão com probiótico; mortalidade acumulada avaliada até 5 dias pós-infecção (dpi) | U29: mortalidade_cumulativa (100X ds-L. lactis, 5 dpi) | V29: 0.33 | W29: carga_viral_WSSV (log cópias, 3 dpi) | X29: 2.88 ± 0.18 (vs. 6.28 ± 0.61 no grupo positivo sem probiótico) | AE29: Mortalidade | AF29: Contagem diária de sobreviventes; qPCR de carga viral; qRT-PCR de expressão gênica | AG29: Grupo positivo (desafiado com WSSV, sem probiótico) e L. lactis selvagem sem dsVP28 na mesma dose (69% de mortalidade) | AH29: 4 - Especulativa | AI29: Camarão (crustáceo aquático); entrega via probiótico por imersão em água — mecanismo de administração muito distante de inseto terrestre sugador. | AJ29: Biofábrica / prova de conceito de entrega bacteriana de dsRNA | AK29: Usar apenas como evidência qualitativa de que bactérias probióticas (Lactobacillus/Lactococcus) podem expressar dsRNA funcional e reduzir mortalidade viral; não extrapolar valores quantitativos para D. maidis/Bacillus sem validação própria. | AL29: Manter separado do estudo de ScienceAsia; conferir método, endpoint e grupo controle no artigo primário.
A30: 30 | B30: 3 - Nao usar / corrigir | C30: Campo 'Rota de entrega' contem texto gerado sem correspondencia com o vocabulario controlado. Reextrair da fonte. | F30: 25/05 | G30: Daniel | H30: Nicolas | I30: Revisado | J30: 2020 | K30: Bacillus subtilis expressing dsVP28 improved shrimp survival from WSSV challenge | L30: 10.2306/scienceasia1513-1874.2020.s003 | M30: ScienceAsia | N30: Bacillus subtilis | O30: VP28 | P30: Bactéria oral (aditivo via água/ração restrita em aquário limpo esterilizado de teste isolado zoológico comparativo patológico marinho) | Q30: dsRNA bacteriano (hairpin dsVP28 do plasmídeo pBE:cDNA4 em B. subtilis) | U30: taxa_sobrevivencia_grupo | V30: 0.917 (91.7%, aos 7 dpi — cai para 0.292 (29.2%) aos 14 dpi) | AE30: Sobrevivência imunológica e letalidade crônica do WSSV viral circulante inter-peneídeo em grupo | AF30: Contagem diária de sobreviventes (bioensaio de sobrevivência) | AG30: Controle positivo = dieta comercial sem B. subtilis, desafiado com WSSV (28.6% de sobrevivência aos 7 dpi; 9.5% aos 14 dpi). NÃO é grupo injetado — a injeção é um experimento diferente do mesmo artigo. | AH30: 4 - Especulativa | AI30: Organismo biológico crustáceo difere absolutamente no modo e via nutricional estática em relação a todo arquétipo inseto e em relação a estilete. | AJ30: Validação do potencial da biofábrica industrial | AK30: Reconhecer que se o esporo puder infiltrar a seiva e atravessar as dsRNases ele suportaria proteção imunológica plena. | AL30: Ratificou a preservação conformacional celular das cepas de bacilo na ausência de RNase e indução segura da proteção letal contínua de grupo experimental fechado. | Consolidado a partir do registro incompleto previamente existente. Conferir artigo primário antes do uso quantitativo.
A31: 31 | B31: 3 - Nao usar / corrigir | C31: Corrigido | F31: 26/05 | G31: Nicolas | H31: Nicolas | I31: Revisado | J31: 2024 | K31: A spray-induced gene silencing strategy for Spodoptera frugiperda oviposition inhibition using nanomaterial-encapsulated dsEcR | L31: https://doi.org/10.1016/j.ijbiomac.2024.136503 | M31: International Journal of Biological Macromolecules | N31: Spodoptera frugiperda | O31: dsEcR | P31: Foliar | Q31: nanopartícula | R31: 1000 + | S31: ng/µL | T31: 72 horas | U31: redução_ovos_por_fêmea | V31: ~44% vs. controle dsGFP/SPc (72h pós-pulverização) | AE31: Oviposição | AF31: qRT-PCR (transcrito EcR); contagem de ovos por fêmea | AG31: dsGFP/SPc/detergente (mantém). O artigo também compara com dsEcR/DEPC/detergente (sem nanopartícula), mostrando que o SPc é necessário para o efeito. | AH31: 4 - Especulativa | AI31: Lepidóptero mastigador; sistema de entrega distante da alimentação estiletar de D. maidis | AJ31: Forma do dsRNA / estabilidade ambiental | AK31: Usar apenas qualitativamente
A32: 32 | B32: 2 - Usar com ressalva | C32: Hemiptero, planta transgenica. Prior fraco. | F32: 28/05 | G32: Nicolas | H32: Nicolas | I32: Em análise | J32: 2011 | K32: Knockdown of Midgut Genes by dsRNA-Transgenic Plant-Mediated RNA Interference in the Hemipteran Insect Nilaparvata lugens | L32: 10.1371/journal.pone.0020504 | M32: PLoS ONE | N32: Nilaparvata lugens | O32: NIHT1 | P32: Planta transgênica | Q32: Planta expressando dsRNA | T32: 2 a 4 dias | U32: knockdown_alvo | V32: 42.7%–59.3% | W32: mortalidade | X32: Não observado | AE32: Knockdown de transcrito | AF32: qRT-PCR / Northern blot | AG32: WT / vetor vazio | AH32: 3 - Indireta | AI32: Outro hemíptero e rota planta-transgênica / não informa dose absoluta ingerida | AJ32: Rota de entrega / controle experimental | AK32: Usar como prior fraco para RNAi oral em hemípteros | AL32: O dado sustenta que planta pode entregar dsRNA funcional em hemíptero sugador, mas não valida Bacillus foliar
A33: 33 | B33: 2 - Usar com ressalva | C33: Michaelis-Menten em lepidoptero. Mesmo alerta de unidade das linhas 7-9. | F33: 29/05 | G33: Nicolas | H33: Sofia | I33: Em análise | J33: 2018 | K33: Biochemical Comparison of dsRNA Degrading Nucleases in Four Different Insects | L33: 10.3389/fphys.2018.00624 | M33: Frontiers in Physiology | N33: Spodoptera litura | O33: dsRNA de EGFP | P33: In vitro | Q33: dsRNA nu | R33: 500 | S33: µM | T33: 25 min | U33: Vmax | V33: 13.4 µM·s⁻¹ | W33: Km | X33: 2.28 µM | AE33: Atividade nuclease | AF33: Fluorescência | AG33: Tampão | AH33: 4 - Especulativa | AI33: Inseto não sugador e ensaio in vitro / extrapolação forte para D. maidis | AJ33: Modelo k_deg | AK33: Usar apenas qualitativamente | AL33: Útil como cenário de comparação enzimática / não usar como parâmetro direto sem calibração
A34: 34 | B34: 3 - Nao usar / corrigir | C34: Campo 'Endpoint' contem texto gerado. Alem disso, 95 ug/mL conflita ~28x com a linha 5. Reextrair. | F34: 46059 | G34: Daniel | H34: Sofia | I34: Revisado | J34: 2015 | K34: Large-scale production and antiviral efficacy of multi-target double-stranded RNA for the prevention of white spot syndrome virus (WSSV) in shrimp | L34: 10.1186/s12896-015-0226-9 | M34: BMC Biotechnology | N34: Escherichia coli HT115 | O34: dsRNA amplo | P34: Fermentação (fed-batch, alimentação contínua de glicerol, 30 h, biorreator 10 L, meio TB) | Q34: Plasmídeo interno (vetor hairpin derivado de pDrive; NÃO é L4440 — não confirmado no artigo) | U34: rendimento_dsRNA | V34: 95.0 ± 21.5 µg/mL | AE34: Produtividade de dsRNA em fermentação fed-batch (30 h, biorreator 10 L, alimentação com glicerol, meio TB) — ~30x a batelada | AF34: Extração fenol e quantificação ótica UV | AG34: Fermentação em batelada (linha 5), mesmo biorreator de 10 L | AH34: 4 - Especulativa | AI34: Linhagem microbiana imprópria com fins filosóficos industriais e não agro-compatível. | AJ34: Gate de Titer-alvo do Biofábrica e payload | AK34: Estipular alvos volumétricos da fermentação de Bacillus baseados neste salto de 30x por hipernutrição contínua celular controlada. | AL34: Demonstra a maleabilidade elástica massiva inerente das colônias mutadas sob regime exato e suprimento de nitrogênio rico basal para bioconversão dsRNA direto. | Fonte incompleta no relatório; identificar título integral, autores, ano e DOI antes do uso quantitativo.
A35: 35 | B35: 2 - Usar com ressalva | C35: Campos corrigidos e preenchidos e colocado em "usar como ressalva" | F35: 46059 | G35: Daniel | H35: Sofia | I35: Revisado | J35: 2020 | K35: RNA Interference Is Enhanced by Knockdown of Double-Stranded RNases in the Yellow Fever Mosquito Aedes aegypti | L35: 10.3390/insects11060327 | M35: Insects | N35: Aedes aegypti | O35: Gus | P35: In vitro (ensaio ex vivo com extrato de intestino médio dissecado) | Q35: dsRNA nu | R35: 100 | S35: ng | T35: 60 min | U35: tempo_degradacao_total | V35: Não verificável como "4 min" — texto do artigo relata apenas que o extrato de intestino normal degrada quase todo o dsRNA em ≤30 min, e que após knockdown de dsRNase (ds4103) não há degradação significativa até 60 min. Valor numérico preciso exigiria digitalização da Figura 3 (WebPlotDigitizer) por um humano. | AE35: Mortalidade | AF35: Análise gel e espectro | AG35: Eletroforese em gel de agarose 1.5%; intensidade de banda relativa (software Image Lab); teste de Wilcoxon rank-sum vs. controle dsDsRed | AH35: 3 - Indireta | AI35: Mosquito hematófago (Diptera), não Hemiptera; ensaio é ex vivo com extrato de intestino de larva dissecado (não com o inseto vivo intacto); a cinética exata de degradação (k_deg) não pôde ser confirmada em texto — só a tendência qualitativa (ver Valor 1). | AJ35: Modelo cinético de degradação (k_deg) por dsRNase intestinal | AK35: Prover taxa limitante grave nos modelos onde RNase livre circula pelo meio líquido gástrico ativo em contato sem proteção. | AL35: Destruição quase imediata enfatiza risco contundente em expor a dupla fita frágil fosfodiéster ao banho ácido intestinal livre basal do mosquito. | Usar como cenário comparativo; não transferir diretamente para D. maidis sem calibração.
A36: 36 | B36: 3 - Nao usar / corrigir | C36: Campo 'Endpoint' contem texto gerado. Valor 0.77 sem unidade: fracao? taxa? indeterminado. | F36: 46059 | G36: Daniel | H36: Sofia | I36: Revisado | J36: 2022 | K36: Cloning and functional characterization of a double-stranded RNA-degrading nuclease in the tawny crazy ant | L36: 10.3389/fphys.2022.833652 | M36: Frontiers in Physiology | N36: Nylanderia fulva | O36: dsGFP | P36: In vitro | Q36: dsRNA nu | R36: 200 | S36: ng | T36: 2 h | U36: degradacao_midgut | V36: 0.77 (77% degradado; 23% remanescente após 2 h de incubação com fluido do intestino médio) | AE36: Quebra de matriz in vitro lenta sob a óptica proteica enzimática parcial residual luminal ant nest biológica operária | AF36: Eletroforese em gel; quantificação por intensidade de banda relativa | AG36: Controle negativo (0h, sem incubação) e positivo (2h); degradação bloqueada por EDTA ou por calor+SDS, confirmando dependência de cátion divalente | AH36: 4 - Especulativa | AI36: Formiga (Hymenoptera, dieta generalista/detritívora) é taxonomicamente muito distante de D. maidis (Hemiptera, dieta floemática); ensaio é ex vivo com fluido de intestino extraído, não com o inseto vivo. | AJ36: Coeficiente k_deg (taxa de degradação) para o modelo de estabilidade do payload | AK36: Equacionar a perda de 3/4 do payload ao fim da janela estomacal crítica inicial e exigir carreador de fuga. | AL36: Exibe atividade consideravelmente mais branda perante dípteros confirmando que insetos possuem velocidades e cinéticas variadas singulares de depuração RNAi gástrica. | Usar como cenário comparativo; não transferir diretamente para D. maidis sem calibração.
A37: 37 | B37: 1 - Verificar (prioridade) | C37: Dado central: reducao de 23,6x em dsRNase-2 e melhora do RNAi oral. Alta prioridade de verificacao e extracao quantitativa. | F37: 25/05 | G37: Beatriz | H37: Tales | I37: Em análise | J37: 2023 | K37: Knockdown of double-stranded RNases enhances oral RNA interference in the corn leafhopper | L37: 10.1016/j.pestbp.2023.105618 | M37: Pesticide Biochemistry and Physiology | N37: Dalbulus maidis | O37: dsRNase-2 | P37: Injeção seguida de dieta artificial | Q37: dsRNA nu | R37: 200 | S37: ng/µL | T37: 48 h de pré-tratamento + 3 dias de dieta oral | U37: knockdown_dsRNase2 | V37: Redução 23.6x | W37: melhora_RNAi_oral | X37: Alta | AE37: Aumento da penetrância do alvo secundário | AF37: RT-qPCR e Bioensaio fenotípico | AG37: dsGFP isolado | AH37: 2 - Parcialmente direta | AI37: Injeção inviável agronomicamente como etapa primária preparatória. | AJ37: Teste de co-entrega e modelo Mix-T | AK37: Modelar dsRNAs quiméricos duplos para supressão salivar. | AL37: Consolidação do registro original de Beatriz. Glândulas salivares promoveram degradação completa do dsRNA em até 12 h; intestino médio em 12–24 h. A etapa preparatória por injeção limita a extrapolação agronômica.
A38: 38 | B38: 2 - Usar com ressalva | C38: Manter esta como a linha canonica de Psylliodes; consolidar 39 e 40 aqui. | F38: 26/05 | G38: Nicolas | H38: Tales | I38: Em análise | J38: 2025 | K38: DsRNA-based carriers with pH-tuneable release kinetics for effective control of Psylliodes chrysocephala | L38: https://doi.org/10.1016/j.ijbiomac.2025.149697 | M38: International Journal of Biological Macromolecules | N38: Psylliodes chrysocephala | O38: dsProsβ6 | P38: Foliar | Q38: dsRNA nu | R38: 100 | S38: ng/µL | T38: 15 Dias | U38: Sobrevivência (Mortalidade) aos 15 dias | V38: Caiu para 36,6% | W38: Cinética de Liberação | X38: Não se aplica (o dsRNA já se encontra livre na solução) | Y38: Proteção contra Calor (Estresse Térmico a 40°C) | Z38: Baixa; mostrou degradação extensiva após apenas 4 horas de exposição | AA38: Proteção contra Radiação UV | AB38: Baixa; rápida degradação em menos de 4 horas | AE38: Sobrevivência (efeito letal) e Inibição da alimentação / Consumo de folhas (efeito comportamental/subletal) | AF38: Bioensaio foliar / ensaio de estabilidade térmica/UV | AG38: dsGFP | AH38: 4 - Especulativa | AI38: Coleóptero mastigador em rota foliar; fisiologia alimentar distante de D. maidis | AJ38: Forma do dsRNA / estabilidade ambiental | AK38: Usar apenas qualitativamente | AL38: dsRNA livre em solução
A39: 39 | B39: 3 - Nao usar / corrigir | C39: Duplicata da linha 38 (mesmo valor de sobrevivencia). Consolidar. | F39: 46168 | G39: Nicolas | H39: Tales | I39: Em análise | J39: 2025 | K39: DsRNA-based carriers with pH-tuneable release kinetics for effective control of Psylliodes chrysocephala | L39: https://doi.org/10.1016/j.ijbiomac.2025.149697 | M39: International Journal of Biological Macromolecules | N39: Psylliodes chrysocephala | O39: dsProsβ6 | P39: Foliar | Q39: nanopartícula / liberação rápida sensível a pH | R39: 100 | S39: ng/µL | T39: 15 Dias | U39: Sobrevivência (Mortalidade) aos 15 dias | V39: Caiu para 36,6% | W39: Cinética de Liberação | X39: Rápida e responsiva ao pH; foi aproximadamente uma ordem de grandeza mais rápida que a sílica | Y39: Proteção contra Calor (Estresse Térmico a 40°C) | Z39: Alta; manteve o dsRNA intacto por até 16 horas de exposição | AA39: Proteção contra Radiação UV | AB39: Moderada; os sinais de degradação começaram a aparecer após 6 horas | AE39: Sobrevivência (efeito letal) e Inibição da alimentação / Consumo de folhas (efeito comportamental/subletal) | AF39: Bioensaio foliar / ensaio de estabilidade térmica/UV | AG39: dsGFP | AH39: 4 - Especulativa | AI39: Coleóptero mastigador em rota foliar; fisiologia alimentar distante de D. maidis | AJ39: Forma do dsRNA / estabilidade ambiental | AK39: Usar apenas qualitativamente | AL39: carreador rápido
A40: 40 | B40: 3 - Nao usar / corrigir | C40: Duplicata da linha 38 (mesmo valor de sobrevivencia). Consolidar. | F40: 46168 | G40: Nicolas | H40: Tales | I40: Em análise | J40: 2025 | K40: DsRNA-based carriers with pH-tuneable release kinetics for effective control of Psylliodes chrysocephala | L40: https://doi.org/10.1016/j.ijbiomac.2025.149697 | M40: International Journal of Biological Macromolecules | N40: Psylliodes chrysocephala | O40: dsProsβ6 | P40: Foliar | Q40: nanopartícula / liberação lenta bifásica | R40: 100 | S40: ng/µL | T40: 15 Dias | U40: Sobrevivência (Mortalidade) aos 15 dias | V40: Caiu para 36,6% | W40: Cinética de Liberação | X40: Lenta e bifásica; controlada por difusão devido ao tamanho restrito dos poros (8 nm) do carreador | Y40: Proteção contra Calor (Estresse Térmico a 40°C) | Z40: Alta; manteve o dsRNA intacto por até 12 horas de exposição | AA40: Proteção contra Radiação UV | AB40: Moderada; os sinais de degradação começaram a aparecer após 6 horas | AE40: Sobrevivência (efeito letal) e Inibição da alimentação / Consumo de folhas (efeito comportamental/subletal) | AF40: Bioensaio foliar / ensaio de estabilidade térmica/UV | AG40: dsGFP | AH40: 4 - Especulativa | AI40: Coleóptero mastigador em rota foliar; fisiologia alimentar distante de D. maidis | AJ40: Forma do dsRNA / estabilidade ambiental | AK40: Usar apenas qualitativamente | AL40: carreador lento; poros de 8 nm descritos no registro original
A41: 41 | B41: 3 - Nao usar / corrigir | C41: Sem parametro e sem endpoint. | F41: 46168 | G41: Sofia | H41: Tales | I41: Em análise | J41: 2020 | K41: Effectiveness of orally-delivered doublestranded RNA on gene silencing in the stinkbug Plautia stali | L41: (https://doi.org/ 10.5061/dryad.x3ffbg7h2). | N41: Plautia stali | O41: vacuolar ATPase (vATPase), inhibitor of apoptosis (IAP), multicopper oxidase 2 (MCO2), and vacuolar-sorting protein Snf7 | P41: Dieta artificial | Q41: Não informado | AI41: Registro incompleto; verificar DOI bibliográfico do artigo e extrair condições experimentais | AJ41: Faixa de dose | AK41: Buscar suplemento | AL41: O DOI registrado parece apontar para conjunto de dados; confirmar referência do artigo primário.
A42: 42 | B42: 3 - Nao usar / corrigir | C42: LINHA VAZIA MAS DE ALTO VALOR: D. maidis + BicC + dieta artificial, grau 1. Preencher com prioridade maxima. | F42: 46209 | G42: Beatriz | I42: Em análise | J42: 2022 | K42: Development of efficient RNAi methods in the corn leafhopper Dalbulus maidis, a promising application for pest control | L42: https://doi.org/10.1101/2022.01.17.476645 | M42: bioRxiv | N42: Dalbulus maidis | O42: Bicaudal C (BicC) | P42: Dieta artificial | Q42: dsRNABicC | AH42: 1 - Direta | AL42: Poucas informações relevantes para o estudo no dry lab, mas muito importantes para o wet lab

Sheet Parametros (long)
A1: id | B1: Linha origem | C1: Triagem | D1: Especie | E1: Alvo | F1: Rota de entrega | G1: Parametro | H1: Valor original (texto) | I1: valor_num | J1: unidade | K1: incerteza_tipo | L1: incerteza_valor | M1: n | N1: Tempo / condicao | O1: Grau de transferibilidade | P1: sigma_log10 | Q1: usar_em_modelo | R1: modo | S1: DOI | T1: Verificado por (humano) | U1: Data da verificacao | V1: Observacao
A2: P001 | B2: 2 | C2: 2 - Usar com ressalva | D2: Dalbulus maidis | E2: V-ATPase D | F2: Dieta artificial | G2: knockdown_alvo | H2: Não significativo | N2: Coletas em 2 dias e 4 dias pós alimentação; efeito robusto apenas no dia 4; temperatura 23–25 °C, fotoperíodo 14:10 | O2: 1 - Direta | P2: =IFERROR(IF(LEFT(O2,1)="1",0.1,IF(LEFT(O2,1)="2",0.25,IF(LEFT(O2,1)="3",0.5,IF(LEFT(O2,1)="4",1,"")))),"") -> 0.1 | Q2: sim (qualitativo) | R2: literatura | S2: 10.1101/2021.09.29.462424 | T2: Beatriz Venancio | U2: 46302 | V2: CORREÇÔES: tempo/condição. Tempo de efeito: O knockdown dos genes V ATPase B e D só se tornou significativo após 4 dias de ingestão contínua de dsRNA, não em 2 dias. Isso mostra que o RNAi em Dalbulus maidis exige exposição prolongada para se consolidar. Além da redução da expressão, houve mortalidade aumentada e deformações nas asas nos insetos tratados, reforçando que o knockdown teve impacto funcional. O efeito não foi imediato – sugere exposição prolongada
A3: P002 | B3: 3 | C3: 2 - Usar com ressalva | D3: Dalbulus maidis | E3: EPG | F3: Foliar | G3: tempo_ate_floema | H3: 316.6 (Página 7, tabela 2) | I3: 316.6 | J3: min | N3: 20 h | O3: 2 - Parcialmente direta | P3: =IFERROR(IF(LEFT(O3,1)="1",0.1,IF(LEFT(O3,1)="2",0.25,IF(LEFT(O3,1)="3",0.5,IF(LEFT(O3,1)="4",1,"")))),"") -> 0.25 | Q3: sim | R3: literatura | S3: 10.1371/journal.pone.0259481 | T3: Nicolas Blaskovski | U3: 46302
A4: P003 | B4: 3 | C4: 2 - Usar com ressalva | D4: Dalbulus maidis | E4: EPG | F4: Foliar | G4: tempo_gasto_floema | H4: ~80% (Não consegui identificar) | I4: 80 | J4: % | N4: 20 h | O4: 2 - Parcialmente direta | P4: =IFERROR(IF(LEFT(O4,1)="1",0.1,IF(LEFT(O4,1)="2",0.25,IF(LEFT(O4,1)="3",0.5,IF(LEFT(O4,1)="4",1,"")))),"") -> 0.25 | Q4: sim | R4: literatura | S4: 10.1371/journal.pone.0259481 | T4: Beatriz Venancio | U4: 46267
A5: P004 | B5: 4 | C5: 2 - Usar com ressalva | D5: Dalbulus maidis | E5: EPG | F5: Foliar | G5: frequencia_sondagem_mesofilo | H5: Elevada (Página 6 a 8 - Figura 3/ Tabela 2) | N5: 20 h | O5: 2 - Parcialmente direta | P5: =IFERROR(IF(LEFT(O5,1)="1",0.1,IF(LEFT(O5,1)="2",0.25,IF(LEFT(O5,1)="3",0.5,IF(LEFT(O5,1)="4",1,"")))),"") -> 0.25 | Q5: sim | R5: literatura | S5: 10.1371/journal.pone.0259481 | T5: Beatriz Venancio | U5: 46267
A6: P005 | B6: 4 | C6: 2 - Usar com ressalva | D6: Dalbulus maidis | E6: EPG | F6: Foliar | G6: falhas_ingestao_floematica | H6: Presentes | N6: 20 h | O6: 2 - Parcialmente direta | P6: =IFERROR(IF(LEFT(O6,1)="1",0.1,IF(LEFT(O6,1)="2",0.25,IF(LEFT(O6,1)="3",0.5,IF(LEFT(O6,1)="4",1,"")))),"") -> 0.25 | Q6: sim | R6: literatura | S6: 10.1371/journal.pone.0259481 | T6: Beatriz Venancio | U6: 46267
A7: P006 | B7: 5 | C7: 3 - Nao usar / corrigir | D7: Escherichia coli HT115 | E7: dsRNA amplo | F7: Fermentação | G7: rendimento_dsRNA | H7: 3.4 ± 0.5 µg/mL | I7: 3.4 | J7: µg/mL | O7: 4 - Especulativa | P7: =IFERROR(IF(LEFT(O7,1)="1",0.1,IF(LEFT(O7,1)="2",0.25,IF(LEFT(O7,1)="3",0.5,IF(LEFT(O7,1)="4",1,"")))),"") -> 1 | R7: literatura | S7: 10.1186/s12896-015-0226-9 | T7: Nicolas
A8: P007 | B8: 6 | C8: 1 - Verificar (prioridade) | D8: Dalbulus maidis / Argentina <1000 m | E8: Fecundidade basal | G8: ovos_por_fêmea | H8: ~20 ovos/fêmea em 5 dias (Página 2, paragrafo 2 - 20 Ovos, figura 1) | I8: 20 | J8: ovos/fêmea em 5 dias | N8: 5 dias | O8: 2 - Parcialmente direta | P8: =IFERROR(IF(LEFT(O8,1)="1",0.1,IF(LEFT(O8,1)="2",0.25,IF(LEFT(O8,1)="3",0.5,IF(LEFT(O8,1)="4",1,"")))),"") -> 0.25 | R8: literatura | S8: 10.1603/AN09164 | T8: Beatriz Venancio | U8: 46267
A9: P008 | B9: 7 | C9: 2 - Usar com ressalva | D9: Locusta migratoria | E9: dsRNA de EGFP | F9: In vitro | G9: Vmax | H9: 9.46 µM·s⁻¹ (Página 7 - Saturation Curves and Enzyme Kinetics) | I9: 9.46 | J9: µM·s⁻¹ | O9: 4 - Especulativa | P9: =IFERROR(IF(LEFT(O9,1)="1",0.1,IF(LEFT(O9,1)="2",0.25,IF(LEFT(O9,1)="3",0.5,IF(LEFT(O9,1)="4",1,"")))),"") -> 1 | R9: literatura | S9: 10.3389/fphys.2018.00624
A10: P009 | B10: 7 | C10: 2 - Usar com ressalva | D10: Locusta migratoria | E10: dsRNA de EGFP | F10: In vitro | G10: Km | H10: 3.06 µM (Página 10 - Discussion) | I10: 3.06 | J10: µM | O10: 4 - Especulativa | P10: =IFERROR(IF(LEFT(O10,1)="1",0.1,IF(LEFT(O10,1)="2",0.25,IF(LEFT(O10,1)="3",0.5,IF(LEFT(O10,1)="4",1,"")))),"") -> 1 | R10: literatura | S10: 10.3389/fphys.2018.00624
A11: P010 | B11: 8 | C11: 2 - Usar com ressalva | D11: Periplaneta americana | E11: dsRNA de EGFP | F11: In vitro | G11: Vmax | H11: 3.58 µM·s⁻¹ (Página 7 - Saturation Curves and Enzyme Kinetics) | I11: 3.58 | J11: µM·s⁻¹ | O11: 4 - Especulativa | P11: =IFERROR(IF(LEFT(O11,1)="1",0.1,IF(LEFT(O11,1)="2",0.25,IF(LEFT(O11,1)="3",0.5,IF(LEFT(O11,1)="4",1,"")))),"") -> 1 | R11: literatura | S11: 10.3389/fphys.2018.00624
A12: P011 | B12: 8 | C12: 2 - Usar com ressalva | D12: Periplaneta americana | E12: dsRNA de EGFP | F12: In vitro | G12: Km | H12: 0.27 µM (Página 7 - Saturation Curves and Enzyme Kinetics) | I12: 0.27 | J12: µM | O12: 4 - Especulativa | P12: =IFERROR(IF(LEFT(O12,1)="1",0.1,IF(LEFT(O12,1)="2",0.25,IF(LEFT(O12,1)="3",0.5,IF(LEFT(O12,1)="4",1,"")))),"") -> 1 | R12: literatura | S12: 10.3389/fphys.2018.00624
A13: P012 | B13: 9 | C13: 2 - Usar com ressalva | D13: Zophobas atratus | E13: dsRNA de EGFP | F13: In vitro | G13: Vmax | H13: 38.87 µM·s⁻¹ (Página 7 - Saturaion Curves and Enzymatic | I13: 38.87 | J13: µM·s⁻¹ | O13: 4 - Especulativa | P13: =IFERROR(IF(LEFT(O13,1)="1",0.1,IF(LEFT(O13,1)="2",0.25,IF(LEFT(O13,1)="3",0.5,IF(LEFT(O13,1)="4",1,"")))),"") -> 1 | R13: literatura | S13: 10.3389/fphys.2018.00624
A14: P013 | B14: 9 | C14: 2 - Usar com ressalva | D14: Zophobas atratus | E14: dsRNA de EGFP | F14: In vitro | G14: Km | H14: 17.59 μM | I14: 17.59 | J14: µM | O14: 4 - Especulativa | P14: =IFERROR(IF(LEFT(O14,1)="1",0.1,IF(LEFT(O14,1)="2",0.25,IF(LEFT(O14,1)="3",0.5,IF(LEFT(O14,1)="4",1,"")))),"") -> 1 | R14: literatura | S14: 10.3389/fphys.2018.00624
A15: P014 | B15: 10 | C15: 2 - Usar com ressalva | D15: Dalbulus maidis | E15: Oviposição basal / ativação ovariana | F15: Não informado | G15: gatilho_da_oviposição | H15: Presença de planta de milho | N15: > 2 semanas | O15: 3 - Indireta | P15: =IFERROR(IF(LEFT(O15,1)="1",0.1,IF(LEFT(O15,1)="2",0.25,IF(LEFT(O15,1)="3",0.5,IF(LEFT(O15,1)="4",1,"")))),"") -> 0.5 | R15: literatura | S15: 10.1002/ps.70227
A16: P015 | B16: 10 | C16: 2 - Usar com ressalva | D16: Dalbulus maidis | E16: Oviposição basal / ativação ovariana | F16: Não informado | G16: fertilidade | H16: > 80% por mais de 2 semanas (fêmeas hibernantes, sem machos) | I16: 80 | J16: % | N16: > 2 semanas | O16: 3 - Indireta | P16: =IFERROR(IF(LEFT(O16,1)="1",0.1,IF(LEFT(O16,1)="2",0.25,IF(LEFT(O16,1)="3",0.5,IF(LEFT(O16,1)="4",1,"")))),"") -> 0.5 | R16: literatura | S16: 10.1002/ps.70227
A17: P016 | B17: 10 | C17: 2 - Usar com ressalva | D17: Dalbulus maidis | E17: Oviposição basal / ativação ovariana | F17: Não informado | G17: estado_ovariano | H17: Ovários inativos mas fertilizados no inverno (quiescência reprodutiva) | N17: > 2 semanas | O17: 3 - Indireta | P17: =IFERROR(IF(LEFT(O17,1)="1",0.1,IF(LEFT(O17,1)="2",0.25,IF(LEFT(O17,1)="3",0.5,IF(LEFT(O17,1)="4",1,"")))),"") -> 0.5 | R17: literatura | S17: 10.1002/ps.70227
A18: P017 | B18: 11 | C18: 3 - Nao usar / corrigir | D18: Dalbulus maidis | E18: dsRNase-2 | F18: In vitro | G18: degradacao_saliva | H18: Total (~100%) (Secção 3.2. Analysis of Dmai-dsRNases transcript levels and dsRNA degradation in different tissues) | N18: 12 h | O18: 1 - Direta | P18: =IFERROR(IF(LEFT(O18,1)="1",0.1,IF(LEFT(O18,1)="2",0.25,IF(LEFT(O18,1)="3",0.5,IF(LEFT(O18,1)="4",1,"")))),"") -> 0.1 | Q18: nao | R18: literatura | S18: 10.1016/j.pest2023.105618bp. | T18: Beatriz Venancio | U18: 46276
A19: P018 | B19: 12 | C19: 2 - Usar com ressalva | D19: Dalbulus maidis | E19: V-ATPase B | F19: Oral - Dieta artificial | G19: sobrevivencia / concentração dsRNA | H19: ~16% e 0,5 μg/μL (500 ng/μL), respectivamente | I19: 16 e 500 | J19: % e ng/μL | N19: 4 dias | O19: 1 - Direta | P19: =IFERROR(IF(LEFT(O19,1)="1",0.1,IF(LEFT(O19,1)="2",0.25,IF(LEFT(O19,1)="3",0.5,IF(LEFT(O19,1)="4",1,"")))),"") -> 0.1 | Q19: sim | R19: literatura | S19: 10.1101/2021.09.29.462424 | T19: Beatriz Venancio | U19: 46276 | V19: Sobrevivência reduzida
A20: P019 | B20: 12 | C20: 2 - Usar com ressalva | D20: Dalbulus maidis | E20: V-ATPase B | F20: Dieta artificial | G20: deformacao_asa | H20: Alta significância | N20: 4 dias | O20: 1 - Direta | P20: =IFERROR(IF(LEFT(O20,1)="1",0.1,IF(LEFT(O20,1)="2",0.25,IF(LEFT(O20,1)="3",0.5,IF(LEFT(O20,1)="4",1,"")))),"") -> 0.1 | Q20: sim | R20: literatura | S20: 10.1101/2021.09.29.462424 | T20: Beatriz Venancio | U20: 46276 | V20: Deformação de asas significativa
A21: P020 | B21: 13 | C21: 2 - Usar com ressalva | D21: Dalbulus maidis | E21: V-ATPase D | F21: Dieta artificial | G21: sobrevivencia | H21: ~18% | I21: 18 | J21: % | N21: 4 dias | O21: 1 - Direta | P21: =IFERROR(IF(LEFT(O21,1)="1",0.1,IF(LEFT(O21,1)="2",0.25,IF(LEFT(O21,1)="3",0.5,IF(LEFT(O21,1)="4",1,"")))),"") -> 0.1 | Q21: sim | R21: literatura | S21: 10.1101/2021.09.29.462424 | T21: Beatriz Venancio | U21: 46276 | V21: Sobrevivência reduzida
A22: P021 | B22: 13 | C22: 2 - Usar com ressalva | D22: Dalbulus maidis | E22: V-ATPase D | F22: Dieta artificial | G22: deformacao_asa | H22: Não significativa | N22: 4 dias | O22: 1 - Direta | P22: =IFERROR(IF(LEFT(O22,1)="1",0.1,IF(LEFT(O22,1)="2",0.25,IF(LEFT(O22,1)="3",0.5,IF(LEFT(O22,1)="4",1,"")))),"") -> 0.1 | Q22: sim | R22: literatura | S22: 10.1101/2021.09.29.462424 | T22: Beatriz Venancio | U22: 46276 | V22: Deformação de asas não significativa
A23: P022 | B23: 14 | C23: 2 - Usar com ressalva | D23: Dalbulus maidis | E23: V-ATPase B | F23: Dieta artificial | G23: knockdown_alvo | H23: Não significativo | N23: 2 dias | O23: 1 - Direta | P23: =IFERROR(IF(LEFT(O23,1)="1",0.1,IF(LEFT(O23,1)="2",0.25,IF(LEFT(O23,1)="3",0.5,IF(LEFT(O23,1)="4",1,"")))),"") -> 0.1 | Q23: sim | R23: literatura | S23: 10.1101/2021.09.29.462424 | T23: Beatriz Venancio | U23: 46276 | V23: Knockdown não significativo em 2 dias
A24: P023 | B24: 15 | C24: 2 - Usar com ressalva | D24: Dalbulus maidis | E24: Parasitismo natural de ovos | F24: Coleta de ovos sentinela em campo | G24: ovos_expostos | H24: aproximadamente 1600 ovos sentinela (Página 3 - Primeiro paragrafo) | I24: 1600 | N24: 72–96 h de exposição em campo; ovos com menos de 24 h | O24: 2 - Parcialmente direta | P24: =IFERROR(IF(LEFT(O24,1)="1",0.1,IF(LEFT(O24,1)="2",0.25,IF(LEFT(O24,1)="3",0.5,IF(LEFT(O24,1)="4",1,"")))),"") -> 0.25 | R24: literatura | S24: 10.1653/024.092.0316
A25: P024 | B25: 15 | C25: 2 - Usar com ressalva | D25: Dalbulus maidis | E25: Parasitismo natural de ovos | F25: Coleta de ovos sentinela em campo | G25: parasitoides_emergidos | H25: 923 vespas emergidas (Página 3 - Primeiro paragrafo) | I25: 923 | J25: vespas emergidas | N25: 72–96 h de exposição em campo; ovos com menos de 24 h | O25: 2 - Parcialmente direta | P25: =IFERROR(IF(LEFT(O25,1)="1",0.1,IF(LEFT(O25,1)="2",0.25,IF(LEFT(O25,1)="3",0.5,IF(LEFT(O25,1)="4",1,"")))),"") -> 0.25 | R25: literatura | S25: 10.1653/024.092.0316
A26: P025 | B26: 15 | C26: 2 - Usar com ressalva | D26: Dalbulus maidis | E26: Parasitismo natural de ovos | F26: Coleta de ovos sentinela em campo | G26: parasitoides_identificados | H26: 5 táxons: Anagrus breviphragma; Polynema sp.; Paracentrobia nr subflava; Aphelinoidea sp.; Pseudoligosita sp. | I26: 5 | J26: táxons: Anagrus breviphragma; Polynema sp.; Paracentrobia nr subflava; Aphelinoidea sp.; Pseudoligosita sp. | N26: 72–96 h de exposição em campo; ovos com menos de 24 h | O26: 2 - Parcialmente direta | P26: =IFERROR(IF(LEFT(O26,1)="1",0.1,IF(LEFT(O26,1)="2",0.25,IF(LEFT(O26,1)="3",0.5,IF(LEFT(O26,1)="4",1,"")))),"") -> 0.25 | R26: literatura | S26: 10.1653/024.092.0316
A27: P026 | B27: 15 | C27: 2 - Usar com ressalva | D27: Dalbulus maidis | E27: Parasitismo natural de ovos | F27: Coleta de ovos sentinela em campo | G27: local_coleta | H27: Zapopan e El Grullo, Jalisco, México | N27: 72–96 h de exposição em campo; ovos com menos de 24 h | O27: 2 - Parcialmente direta | P27: =IFERROR(IF(LEFT(O27,1)="1",0.1,IF(LEFT(O27,1)="2",0.25,IF(LEFT(O27,1)="3",0.5,IF(LEFT(O27,1)="4",1,"")))),"") -> 0.25 | R27: literatura | S27: 10.1653/024.092.0316
A28: P027 | B28: 15 | C28: 2 - Usar com ressalva | D28: Dalbulus maidis | E28: Parasitismo natural de ovos | F28: Coleta de ovos sentinela em campo | G28: distribuição_por_local | H28: El Grullo: 419 parasitoides; Zapopan: 504 parasitoides (Table 2) | N28: 72–96 h de exposição em campo; ovos com menos de 24 h | O28: 2 - Parcialmente direta | P28: =IFERROR(IF(LEFT(O28,1)="1",0.1,IF(LEFT(O28,1)="2",0.25,IF(LEFT(O28,1)="3",0.5,IF(LEFT(O28,1)="4",1,"")))),"") -> 0.25 | R28: literatura | S28: 10.1653/024.092.0316
A29: P028 | B29: 16 | C29: 2 - Usar com ressalva | D29: Bacillus subtilis; Caenorhabditis elegans | E29: GFP transgênico; DAF-16::GFP; SUR-5::GFP | F29: Bactéria oral; alimentação em placa NGM contendo B. subtilis recombinante | G29: animais_com_redução_GFP | H29: aproximadamente 90–95% dos animais (Se encontra em duas seções, uma delas está linkada) | N29: 24 h de alimentação | O29: 4 - Especulativa | P29: =IFERROR(IF(LEFT(O29,1)="1",0.1,IF(LEFT(O29,1)="2",0.25,IF(LEFT(O29,1)="3",0.5,IF(LEFT(O29,1)="4",1,"")))),"") -> 1 | R29: literatura | S29: 10.1371/journal.pone.0124508
A30: P029 | B30: 16 | C30: 2 - Usar com ressalva | D30: Bacillus subtilis; Caenorhabditis elegans | E30: GFP transgênico; DAF-16::GFP; SUR-5::GFP | F30: Bactéria oral; alimentação em placa NGM contendo B. subtilis recombinante | G30: GFP_DAF16_residual | H30: 3% da expressão original | I30: 3 | J30: % | N30: 24 h de alimentação | O30: 4 - Especulativa | P30: =IFERROR(IF(LEFT(O30,1)="1",0.1,IF(LEFT(O30,1)="2",0.25,IF(LEFT(O30,1)="3",0.5,IF(LEFT(O30,1)="4",1,"")))),"") -> 1 | R30: literatura | S30: 10.1371/journal.pone.0124508
A31: P030 | B31: 16 | C31: 2 - Usar com ressalva | D31: Bacillus subtilis; Caenorhabditis elegans | E31: GFP transgênico; DAF-16::GFP; SUR-5::GFP | F31: Bactéria oral; alimentação em placa NGM contendo B. subtilis recombinante | G31: redução_GFP_SUR5 | H31: quase 6 vezes menor | I31: 6 | J31: times | N31: 24 h de alimentação | O31: 4 - Especulativa | P31: =IFERROR(IF(LEFT(O31,1)="1",0.1,IF(LEFT(O31,1)="2",0.25,IF(LEFT(O31,1)="3",0.5,IF(LEFT(O31,1)="4",1,"")))),"") -> 1 | R31: literatura | S31: 10.1371/journal.pone.0124508
A32: P031 | B32: 16 | C32: 2 - Usar com ressalva | D32: Bacillus subtilis; Caenorhabditis elegans | E32: GFP transgênico; DAF-16::GFP; SUR-5::GFP | F32: Bactéria oral; alimentação em placa NGM contendo B. subtilis recombinante | G32: IPTG_indução | H32: 2 mM em placas NGM-RNAi | I32: 2 | J32: mM em placas NGM-RNAi | N32: 24 h de alimentação | O32: 4 - Especulativa | P32: =IFERROR(IF(LEFT(O32,1)="1",0.1,IF(LEFT(O32,1)="2",0.25,IF(LEFT(O32,1)="3",0.5,IF(LEFT(O32,1)="4",1,"")))),"") -> 1 | R32: literatura | S32: 10.1371/journal.pone.0124508
A33: P032 | B33: 16 | C33: 2 - Usar com ressalva | D33: Bacillus subtilis; Caenorhabditis elegans | E33: GFP transgênico; DAF-16::GFP; SUR-5::GFP | F33: Bactéria oral; alimentação em placa NGM contendo B. subtilis recombinante | G33: fragmento_GFP | H33: 750 bp | I33: 750 | J33: bp | N33: 24 h de alimentação | O33: 4 - Especulativa | P33: =IFERROR(IF(LEFT(O33,1)="1",0.1,IF(LEFT(O33,1)="2",0.25,IF(LEFT(O33,1)="3",0.5,IF(LEFT(O33,1)="4",1,"")))),"") -> 1 | R33: literatura | S33: 10.1371/journal.pone.0124508
A34: P033 | B34: 17 | C34: 1 - Verificar (prioridade) | D34: Dalbulus maidis / México >1000 m | E34: Fecundidade basal | G34: ovos_por_fêmea | H34: ~26 ovos/fêmea em 5 dias | I34: 26 | J34: ovos/fêmea em 5 dias | N34: 5 dias | O34: 2 - Parcialmente direta | P34: =IFERROR(IF(LEFT(O34,1)="1",0.1,IF(LEFT(O34,1)="2",0.25,IF(LEFT(O34,1)="3",0.5,IF(LEFT(O34,1)="4",1,"")))),"") -> 0.25 | Q34: sim (qualitativo) | R34: literatura | S34: 10.1603/AN09164 | T34: Beatriz Venancio | U34: 46276 | V34: População México >1000 m; média ~26 ovos/fêmea em 5 dias; sem SD/EP.
A35: P034 | B35: 18 | C35: 1 - Verificar (prioridade) | D35: Dalbulus maidis / México <1000 m | E35: Fecundidade basal | G35: ovos_por_fêmea | H35: ~13 ovos/fêmea em 5 dias | I35: 13 | J35: ovos/fêmea em 5 dias | N35: 5 dias | O35: 2 - Parcialmente direta | P35: =IFERROR(IF(LEFT(O35,1)="1",0.1,IF(LEFT(O35,1)="2",0.25,IF(LEFT(O35,1)="3",0.5,IF(LEFT(O35,1)="4",1,"")))),"") -> 0.25 | Q35: sim (qualitativo) | R35: literatura | S35: 10.1603/AN09164 | T35: Beatriz Venancio | U35: 46276 | V35: População México <1000 m; média ~13 ovos/fêmea em 5 dias; sem SD/EP.
A36: P035 | B36: 19 | C36: 1 - Verificar (prioridade) | D36: Dalbulus maidis / Argentina >1000 m | E36: Fecundidade basal | G36: ovos_por_fêmea | H36: ~20 ovos/fêmea em 5 dias (Média figura 1) | I36: 20 | J36: ovos/fêmea em 5 dias | N36: 5 dias | O36: 2 - Parcialmente direta | P36: =IFERROR(IF(LEFT(O36,1)="1",0.1,IF(LEFT(O36,1)="2",0.25,IF(LEFT(O36,1)="3",0.5,IF(LEFT(O36,1)="4",1,"")))),"") -> 0.25 | Q36: sim (qualitativo) | R36: literatura | S36: 10.1603/AN09164 | T36: Beatriz Venancio | U36: 46276 | V36: População Argentina >1000 m; média ~20 ovos/fêmea em 5 dias; sem SD/EP
A37: P036 | B37: 20 | C37: 1 - Verificar (prioridade) | D37: Dalbulus maidis | E37: BicC | F37: Injeção | G37: ovos_por_fêmea | H37: ~0 ovos | I37: 0 | J37: ovos | N37: 7 dias | O37: 2 - Parcialmente direta | P37: =IFERROR(IF(LEFT(O37,1)="1",0.1,IF(LEFT(O37,1)="2",0.25,IF(LEFT(O37,1)="3",0.5,IF(LEFT(O37,1)="4",1,"")))),"") -> 0.25 | Q37: sim | R37: literatura | S37: 10.1002/ps.6937 | T37: Beatriz Venancio | U37: 46276 | V37: Oviposição zerada após injeção; sem dados de variabilidade
A38: P037 | B38: 20 | C38: 1 - Verificar (prioridade) | D38: Dalbulus maidis | E38: BicC | F38: Injeção | G38: sobrevivência | H38: 0.9 | I38: 0.9 | J38: proporção | N38: 7 dias | O38: 2 - Parcialmente direta | P38: =IFERROR(IF(LEFT(O38,1)="1",0.1,IF(LEFT(O38,1)="2",0.25,IF(LEFT(O38,1)="3",0.5,IF(LEFT(O38,1)="4",1,"")))),"") -> 0.25 | Q38: sim | R38: literatura | S38: 10.1002/ps.6937 | T38: Beatriz Venancio | U38: 46276 | V38: Sobrevivência alta
A39: P038 | B39: 21 | C39: 1 - Verificar (prioridade) | D39: Dalbulus maidis | E39: BicC | F39: Injeção | G39: ovos_por_fêmea | H39: ~0 ovos | I39: 0 | J39: ovos | N39: 7 dias | O39: 2 - Parcialmente direta | P39: =IFERROR(IF(LEFT(O39,1)="1",0.1,IF(LEFT(O39,1)="2",0.25,IF(LEFT(O39,1)="3",0.5,IF(LEFT(O39,1)="4",1,"")))),"") -> 0.25 | Q39: sim | R39: literatura | S39: 10.1002/ps.6937 | T39: Beatriz Venancio | U39: 46276 | V39: Oviposição zerada após injeção; resultado consistente com P036
A40: P039 | B40: 21 | C40: 1 - Verificar (prioridade) | D40: Dalbulus maidis | E40: BicC | F40: Injeção | G40: sobrevivência | H40: 0.9 | I40: 0.9 | J40: proporção | N40: 7 dias | O40: 2 - Parcialmente direta | P40: =IFERROR(IF(LEFT(O40,1)="1",0.1,IF(LEFT(O40,1)="2",0.25,IF(LEFT(O40,1)="3",0.5,IF(LEFT(O40,1)="4",1,"")))),"") -> 0.25 | Q40: sim | R40: literatura | S40: 10.1002/ps.6937 | T40: Beatriz Venancio | U40: 46276 | V40: Sobrevivência alta (~90%)
A41: P040 | B41: 22 | C41: 1 - Verificar (prioridade) | D41: Dalbulus maidis | E41: BicC | F41: Dieta artificial | G41: knockdown_BicC | H41: Alta redução (qPCR) (Informações contidas na seção 3.4) | L41: P<0,05 | N41: 3 dias | O41: 1 - Direta | P41: =IFERROR(IF(LEFT(O41,1)="1",0.1,IF(LEFT(O41,1)="2",0.25,IF(LEFT(O41,1)="3",0.5,IF(LEFT(O41,1)="4",1,"")))),"") -> 0.1 | Q41: sim | R41: literatura | S41: 10.1002/ps.6937 | T41: Beatriz Venancio | U41: 46276 | V41: Knockdown BicC por dieta artificial; alta redução confirmada por qPCR.
A42: P041 | B42: 23 | C42: 1 - Verificar (prioridade) | D42: Dalbulus maidis | E42: BicC | F42: Dieta artificial | G42: knockdown_BicC | H42: Queda drástica (transcritos BicC) (Informações contidas na seção 3.4) | L42: P<0,01 | N42: 3 dias | O42: 1 - Direta | P42: =IFERROR(IF(LEFT(O42,1)="1",0.1,IF(LEFT(O42,1)="2",0.25,IF(LEFT(O42,1)="3",0.5,IF(LEFT(O42,1)="4",1,"")))),"") -> 0.1 | Q42: sim | R42: literatura | S42: 10.1002/ps.6937 | T42: Beatriz Venancio | U42: 46276 | V42: Knockdown BicC por dieta artificial; queda drástica de transcritos BicC (P<0.01).
A43: P042 | B43: 24 | C43: 2 - Usar com ressalva | D43: Nilaparvata lugens | E43: Nicar | F43: Planta transgênica | G43: knockdown_alvo | H43: 42.1%–43.3% | I43: 42.1 | J43: % | N43: 2 a 4 dias | O43: 3 - Indireta | P43: =IFERROR(IF(LEFT(O43,1)="1",0.1,IF(LEFT(O43,1)="2",0.25,IF(LEFT(O43,1)="3",0.5,IF(LEFT(O43,1)="4",1,"")))),"") -> 0.5 | R43: literatura | S43: 10.1371/journal.pone.0020504
A44: P043 | B44: 24 | C44: 2 - Usar com ressalva | D44: Nilaparvata lugens | E44: Nicar | F44: Planta transgênica | G44: mortalidade | H44: Não observado | N44: 2 a 4 dias | O44: 3 - Indireta | P44: =IFERROR(IF(LEFT(O44,1)="1",0.1,IF(LEFT(O44,1)="2",0.25,IF(LEFT(O44,1)="3",0.5,IF(LEFT(O44,1)="4",1,"")))),"") -> 0.5 | R44: literatura | S44: 10.1371/journal.pone.0020504
A45: P044 | B45: 25 | C45: 2 - Usar com ressalva | D45: Nilaparvata lugens | E45: Nitry | F45: Planta transgênica | G45: knockdown_alvo | H45: 61%–73.3% | I45: 61 | J45: % | N45: 2 a 4 dias | O45: 3 - Indireta | P45: =IFERROR(IF(LEFT(O45,1)="1",0.1,IF(LEFT(O45,1)="2",0.25,IF(LEFT(O45,1)="3",0.5,IF(LEFT(O45,1)="4",1,"")))),"") -> 0.5 | R45: literatura | S45: 10.1371/journal.pone.0020504
A46: P045 | B46: 25 | C46: 2 - Usar com ressalva | D46: Nilaparvata lugens | E46: Nitry | F46: Planta transgênica | G46: mortalidade | H46: Não observado | N46: 2 a 4 dias | O46: 3 - Indireta | P46: =IFERROR(IF(LEFT(O46,1)="1",0.1,IF(LEFT(O46,1)="2",0.25,IF(LEFT(O46,1)="3",0.5,IF(LEFT(O46,1)="4",1,"")))),"") -> 0.5 | R46: literatura | S46: 10.1371/journal.pone.0020504
A47: P046 | B47: 27 | C47: 2 - Usar com ressalva | D47: Nilaparvata lugens | E47: NlDcr-2 | F47: Dieta artificial | G47: n_indivíduos | H47: 25 ninfas | I47: 25 | J47: ninfas | N47: 4 dias | O47: 3 - Indireta | P47: =IFERROR(IF(LEFT(O47,1)="1",0.1,IF(LEFT(O47,1)="2",0.25,IF(LEFT(O47,1)="3",0.5,IF(LEFT(O47,1)="4",1,"")))),"") -> 0.5 | R47: literatura | S47: 10.1111/j.1744-7917.2012.01539.x
A48: P047 | B48: 27 | C48: 2 - Usar com ressalva | D48: Nilaparvata lugens | E48: NlDcr-2 | F48: Dieta artificial | G48: volume_dieta_total | H48: 40 µL | I48: 40 | J48: µL | N48: 4 dias | O48: 3 - Indireta | P48: =IFERROR(IF(LEFT(O48,1)="1",0.1,IF(LEFT(O48,1)="2",0.25,IF(LEFT(O48,1)="3",0.5,IF(LEFT(O48,1)="4",1,"")))),"") -> 0.5 | R48: literatura | S48: 10.1111/j.1744-7917.2012.01539.x
A49: P048 | B49: 28 | C49: 2 - Usar com ressalva | D49: Bacillus subtilis | E49: Riboswitches (purE, pbuE, xpt, ribDG) | F49: Fermentação | G49: ativação da expressão (pbuE) | H49: 103 vezes | I49: 103 | J49: vezes | O49: 4 - Especulativa | P49: =IFERROR(IF(LEFT(O49,1)="1",0.1,IF(LEFT(O49,1)="2",0.25,IF(LEFT(O49,1)="3",0.5,IF(LEFT(O49,1)="4",1,"")))),"") -> 1 | R49: literatura | S49: 10.1101/2021.06.21.449321
A50: P049 | B50: 28 | C50: 2 - Usar com ressalva | D50: Bacillus subtilis | E50: Riboswitches (purE, pbuE, xpt, ribDG) | F50: Fermentação | G50: aumento da riboflavina (ribDG) | H50: 0,5 | I50: 0.5 | O50: 4 - Especulativa | P50: =IFERROR(IF(LEFT(O50,1)="1",0.1,IF(LEFT(O50,1)="2",0.25,IF(LEFT(O50,1)="3",0.5,IF(LEFT(O50,1)="4",1,"")))),"") -> 1 | R50: literatura | S50: 10.1101/2021.06.21.449321
A51: P050 | B51: 28 | C51: 2 - Usar com ressalva | D51: Bacillus subtilis | E51: Riboswitches (purE, pbuE, xpt, ribDG) | F51: Fermentação | G51: aumento com operon de sRNAs | H51: 5 vezes | I51: 5 | J51: vezes | O51: 4 - Especulativa | P51: =IFERROR(IF(LEFT(O51,1)="1",0.1,IF(LEFT(O51,1)="2",0.25,IF(LEFT(O51,1)="3",0.5,IF(LEFT(O51,1)="4",1,"")))),"") -> 1 | R51: literatura | S51: 10.1101/2021.06.21.449321
A52: P051 | B52: 30 | C52: 3 - Nao usar / corrigir | D52: Bacillus subtilis | E52: VP28 | F52: Bactéria oral (aditivo via água/ração restrita em aquário limpo esterilizado de teste isolado zoológico comparativo patológico marinho) | G52: taxa_sobrevivencia_grupo | H52: 0.9167 | I52: 0.9167 | O52: 4 - Especulativa | P52: =IFERROR(IF(LEFT(O52,1)="1",0.1,IF(LEFT(O52,1)="2",0.25,IF(LEFT(O52,1)="3",0.5,IF(LEFT(O52,1)="4",1,"")))),"") -> 1 | R52: literatura | S52: 10.2306/scienceasia1513-1874.2020.s003 | T52: Nicolas | V52: Alterado a extração do texto para a porcentagem original
A53: P052 | B53: 32 | C53: 2 - Usar com ressalva | D53: Nilaparvata lugens | E53: NIHT1 | F53: Planta transgênica | G53: knockdown_alvo | H53: 42.7%–59.3% | I53: 42.7 | J53: % | N53: 2 a 4 dias | O53: 3 - Indireta | P53: =IFERROR(IF(LEFT(O53,1)="1",0.1,IF(LEFT(O53,1)="2",0.25,IF(LEFT(O53,1)="3",0.5,IF(LEFT(O53,1)="4",1,"")))),"") -> 0.5 | R53: literatura | S53: 10.1371/journal.pone.0020504
A54: P053 | B54: 32 | C54: 2 - Usar com ressalva | D54: Nilaparvata lugens | E54: NIHT1 | F54: Planta transgênica | G54: mortalidade | H54: Não observado | N54: 2 a 4 dias | O54: 3 - Indireta | P54: =IFERROR(IF(LEFT(O54,1)="1",0.1,IF(LEFT(O54,1)="2",0.25,IF(LEFT(O54,1)="3",0.5,IF(LEFT(O54,1)="4",1,"")))),"") -> 0.5 | R54: literatura | S54: 10.1371/journal.pone.0020504
A55: P054 | B55: 33 | C55: 2 - Usar com ressalva | D55: Spodoptera litura | E55: dsRNA de EGFP | F55: In vitro | G55: Vmax | H55: 13.4 µM·s⁻¹ | I55: 13.4 | J55: µM·s⁻¹ | N55: 25 min | O55: 4 - Especulativa | P55: =IFERROR(IF(LEFT(O55,1)="1",0.1,IF(LEFT(O55,1)="2",0.25,IF(LEFT(O55,1)="3",0.5,IF(LEFT(O55,1)="4",1,"")))),"") -> 1 | R55: literatura | S55: 10.3389/fphys.2018.00624
A56: P055 | B56: 33 | C56: 2 - Usar com ressalva | D56: Spodoptera litura | E56: dsRNA de EGFP | F56: In vitro | G56: Km | H56: 2.28 µM | I56: 2.28 | J56: µM | N56: 25 min | O56: 4 - Especulativa | P56: =IFERROR(IF(LEFT(O56,1)="1",0.1,IF(LEFT(O56,1)="2",0.25,IF(LEFT(O56,1)="3",0.5,IF(LEFT(O56,1)="4",1,"")))),"") -> 1 | R56: literatura | S56: 10.3389/fphys.2018.00624
A57: P056 | B57: 34 | C57: 3 - Nao usar / corrigir | D57: Escherichia coli HT115 | E57: dsRNA amplo | F57: Fermentação (fed-batch contínua) | G57: rendimento_dsRNA | H57: 95.0 ± 21.5 µg/mL | I57: 95 | J57: µg/mL | O57: 4 - Especulativa | P57: =IFERROR(IF(LEFT(O57,1)="1",0.1,IF(LEFT(O57,1)="2",0.25,IF(LEFT(O57,1)="3",0.5,IF(LEFT(O57,1)="4",1,"")))),"") -> 1 | R57: literatura | S57: 10.1186/s12896-015-0226-9 | T57: Nicolas | V57: Ajustado valor original e inserido o DOI correspondente ao artigo
A58: P057 | B58: 35 | C58: 3 - Nao usar / corrigir | D58: Aedes aegypti | E58: Gus | F58: In vitro | G58: tempo_degradacao_total | H58: 4 min | I58: 4 | J58: min | N58: 60 min | O58: 3 - Indireta | P58: =IFERROR(IF(LEFT(O58,1)="1",0.1,IF(LEFT(O58,1)="2",0.25,IF(LEFT(O58,1)="3",0.5,IF(LEFT(O58,1)="4",1,"")))),"") -> 0.5 | R58: literatura | S58: 10.3390/insects11070425 | T58: Nicolas | V58: Remoção: Não verificável como "4 min" o texto do artigo relata apenas que o extrato de intestino normal degrada quase todo o dsRNA em ≤30 min, e que após knockdown de dsRNase (ds4103) não há degradação significativa até 60 min.
A59: P058 | B59: 36 | C59: 3 - Nao usar / corrigir | D59: Nylanderia fulva | E59: dsGFP | F59: In vitro | G59: degradacao_midgut | H59: 0.77 | I59: 0.77 | N59: 2 h | O59: 4 - Especulativa | P59: =IFERROR(IF(LEFT(O59,1)="1",0.1,IF(LEFT(O59,1)="2",0.25,IF(LEFT(O59,1)="3",0.5,IF(LEFT(O59,1)="4",1,"")))),"") -> 1 | R59: literatura | S59: 10.3389/fphys.2022.833652
A60: P059 | B60: 37 | C60: 1 - Verificar (prioridade) | D60: Dalbulus maidis | E60: dsRNase-2 | F60: Injeção seguida de dieta artificial | G60: knockdown_dsRNase2 | H60: Redução 23.6x (qPCR) | I60: 23.6 | J60: fold-change | K60: ausente | L60: P<0,01 | N60: 48 h de pré-tratamento + 3 dias de dieta oral | O60: 2 - Parcialmente direta | P60: =IFERROR(IF(LEFT(O60,1)="1",0.1,IF(LEFT(O60,1)="2",0.25,IF(LEFT(O60,1)="3",0.5,IF(LEFT(O60,1)="4",1,"")))),"") -> 0.25 | Q60: sim | R60: literatura | S60: 10.1016/j.pestbp.2023.105618 | T60: Beatriz Venancio | U60: 46276 | V60: Silenciamento dsRNase‑2 reduziu expressão 23.6x; qPCR; sem SD/EP.
A61: P060 | B61: 37 | C61: 1 - Verificar (prioridade) | D61: Dalbulus maidis | E61: dsRNase-2 | F61: Injeção seguida de dieta artificial | G61: melhora_RNAi_oral | H61: Alta (eficiência aumentada) (Página 2 e página 12) | K61: ausente | N61: 48 h de pré-tratamento + 3 dias de dieta oral | O61: 2 - Parcialmente direta | P61: =IFERROR(IF(LEFT(O61,1)="1",0.1,IF(LEFT(O61,1)="2",0.25,IF(LEFT(O61,1)="3",0.5,IF(LEFT(O61,1)="4",1,"")))),"") -> 0.25 | Q61: sim | R61: literatura | S61: 10.1016/j.pestbp.2023.105618 | T61: Beatriz Venancio | U61: 46276 | V61: Silenciamento dsRNase‑2 aumentou eficiência da RNAi oral; efeito qualitativo descrito.
A62: P061 | B62: 38 | C62: 2 - Usar com ressalva | D62: Psylliodes chrysocephala | E62: dsProsβ6 | F62: Foliar | G62: Sobrevivência (Mortalidade) aos 15 dias | H62: Caiu para 36,6% | N62: 15 Dias | O62: 4 - Especulativa | P62: =IFERROR(IF(LEFT(O62,1)="1",0.1,IF(LEFT(O62,1)="2",0.25,IF(LEFT(O62,1)="3",0.5,IF(LEFT(O62,1)="4",1,"")))),"") -> 1 | R62: literatura | S62: https://doi.org/10.1016/j.ijbiomac.2025.149697
A63: P062 | B63: 38 | C63: 2 - Usar com ressalva | D63: Psylliodes chrysocephala | E63: dsProsβ6 | F63: Foliar | G63: Cinética de Liberação | H63: Não se aplica (o dsRNA já se encontra livre na solução) | N63: 15 Dias | O63: 4 - Especulativa | P63: =IFERROR(IF(LEFT(O63,1)="1",0.1,IF(LEFT(O63,1)="2",0.25,IF(LEFT(O63,1)="3",0.5,IF(LEFT(O63,1)="4",1,"")))),"") -> 1 | R63: literatura | S63: https://doi.org/10.1016/j.ijbiomac.2025.149697
A64: P063 | B64: 38 | C64: 2 - Usar com ressalva | D64: Psylliodes chrysocephala | E64: dsProsβ6 | F64: Foliar | G64: Proteção contra Calor (Estresse Térmico a 40°C) | H64: Baixa; mostrou degradação extensiva após apenas 4 horas de exposição | N64: 15 Dias | O64: 4 - Especulativa | P64: =IFERROR(IF(LEFT(O64,1)="1",0.1,IF(LEFT(O64,1)="2",0.25,IF(LEFT(O64,1)="3",0.5,IF(LEFT(O64,1)="4",1,"")))),"") -> 1 | R64: literatura | S64: https://doi.org/10.1016/j.ijbiomac.2025.149697
A65: P064 | B65: 38 | C65: 2 - Usar com ressalva | D65: Psylliodes chrysocephala | E65: dsProsβ6 | F65: Foliar | G65: Proteção contra Radiação UV | H65: Baixa; rápida degradação em menos de 4 horas | N65: 15 Dias | O65: 4 - Especulativa | P65: =IFERROR(IF(LEFT(O65,1)="1",0.1,IF(LEFT(O65,1)="2",0.25,IF(LEFT(O65,1)="3",0.5,IF(LEFT(O65,1)="4",1,"")))),"") -> 1 | R65: literatura | S65: https://doi.org/10.1016/j.ijbiomac.2025.149697
A66: P065 | B66: 39 | C66: 3 - Nao usar / corrigir | D66: Psylliodes chrysocephala | E66: dsProsβ6 | F66: Foliar | G66: Sobrevivência (Mortalidade) aos 15 dias | H66: Caiu para 36,6% | I66: 36.6 | J66: % | K66: SEM | M66: 13–22 besouros/réplica; 3 réplicas (Métodos, não específico deste ponto) | N66: 15 dias (ensaio de sobrevivência em disco de folha, 100 ng dsRNA/disco) | O66: 4 - Especulativa | P66: =IFERROR(IF(LEFT(O66,1)="1",0.1,IF(LEFT(O66,1)="2",0.25,IF(LEFT(O66,1)="3",0.5,IF(LEFT(O66,1)="4",1,"")))),"") -> 1 | R66: literatura | S66: https://doi.org/10.1016/j.ijbiomac.2025.149697 | T66: Nicolas | V66: Parametros extraidos
A67: P066 | B67: 39 | C67: 3 - Nao usar / corrigir | D67: Psylliodes chrysocephala | E67: dsProsβ6 | F67: Foliar | G67: Cinética de Liberação | H67: Rápida e responsiva ao pH; foi aproximadamente uma ordem de grandeza mais rápida que a sílica | N67: Câmara de difusão horizontal, pH 8.9–9.9, 17–43°C; duração variável até estabilização da concentração no receptor (Fig. 5) — NÃO é "15 dias" | O67: 4 - Especulativa | P67: =IFERROR(IF(LEFT(O67,1)="1",0.1,IF(LEFT(O67,1)="2",0.25,IF(LEFT(O67,1)="3",0.5,IF(LEFT(O67,1)="4",1,"")))),"") -> 1 | R67: literatura | S67: https://doi.org/10.1016/j.ijbiomac.2025.149697 | T67: Nicolas | V67: Parametros extraidos
A68: P067 | B68: 39 | C68: 3 - Nao usar / corrigir | D68: Psylliodes chrysocephala | E68: dsProsβ6 | F68: Foliar | G68: Proteção contra Calor (Estresse Térmico a 40°C) | H68: Alta; manteve o dsRNA intacto por até 16 horas de exposição | I68: 16 | J68: horas | N68: Até 16 h a 40°C em 0,01% ácido acético (ensaio de estresse térmico) — NÃO é "15 dias" | O68: 4 - Especulativa | P68: =IFERROR(IF(LEFT(O68,1)="1",0.1,IF(LEFT(O68,1)="2",0.25,IF(LEFT(O68,1)="3",0.5,IF(LEFT(O68,1)="4",1,"")))),"") -> 1 | R68: literatura | S68: https://doi.org/10.1016/j.ijbiomac.2025.149697 | T68: Nicolas | V68: Parametros extraidos
A69: P068 | B69: 39 | C69: 3 - Nao usar / corrigir | D69: Psylliodes chrysocephala | E69: dsProsβ6 | F69: Foliar | G69: Proteção contra Radiação UV | H69: Moderada; os sinais de degradação começaram a aparecer após 6 horas | I69: 6 | J69: horas | N69: Até 6 h sob UV 302 nm, ~1000–1050 µW/cm² — sinal de degradação; ensaio testou até 12 h no total (Fig. 4c,d) — NÃO é "15 dias" | O69: 4 - Especulativa | P69: =IFERROR(IF(LEFT(O69,1)="1",0.1,IF(LEFT(O69,1)="2",0.25,IF(LEFT(O69,1)="3",0.5,IF(LEFT(O69,1)="4",1,"")))),"") -> 1 | R69: literatura | S69: https://doi.org/10.1016/j.ijbiomac.2025.149697 | T69: Nicolas | V69: Parametros extraidos
A70: P069 | B70: 40 | C70: 3 - Nao usar / corrigir | D70: Psylliodes chrysocephala | E70: dsProsβ6 | F70: Foliar | G70: Sobrevivência (Mortalidade) aos 15 dias | H70: Caiu para 36,6% | I70: 36.6 | J70: % | K70: SEM | M70: 13–22 besouros/réplica; 3 réplicas (Métodos, não específico deste ponto) | N70: 15 dias (ensaio de sobrevivência em disco de folha, 100 ng dsRNA/disco) | O70: 4 - Especulativa | P70: =IFERROR(IF(LEFT(O70,1)="1",0.1,IF(LEFT(O70,1)="2",0.25,IF(LEFT(O70,1)="3",0.5,IF(LEFT(O70,1)="4",1,"")))),"") -> 1 | R70: literatura | S70: https://doi.org/10.1016/j.ijbiomac.2025.149697 | T70: Nicolas | V70: Parametros extraidos
A71: P070 | B71: 40 | C71: 3 - Nao usar / corrigir | D71: Psylliodes chrysocephala | E71: dsProsβ6 | F71: Foliar | G71: Cinética de Liberação | H71: Lenta e bifásica; controlada por difusão devido ao tamanho restrito dos poros (8 nm) do carreador | N71: Câmara de difusão horizontal, pH 8.9–9.9, 17–43°C; duração variável até estabilização da concentração no receptor (Fig. 5) — NÃO é "15 dias" | O71: 4 - Especulativa | P71: =IFERROR(IF(LEFT(O71,1)="1",0.1,IF(LEFT(O71,1)="2",0.25,IF(LEFT(O71,1)="3",0.5,IF(LEFT(O71,1)="4",1,"")))),"") -> 1 | R71: literatura | S71: https://doi.org/10.1016/j.ijbiomac.2025.149697 | T71: Nicolas | V71: Parametros extraidos
A72: P071 | B72: 40 | C72: 3 - Nao usar / corrigir | D72: Psylliodes chrysocephala | E72: dsProsβ6 | F72: Foliar | G72: Proteção contra Calor (Estresse Térmico a 40°C) | H72: Alta; manteve o dsRNA intacto por até 12 horas de exposição | I72: 12 | J72: horas | N72: Até 12 h a 40°C em 0,01% ácido acético (ensaio de estresse térmico) — NÃO é "15 dias" | O72: 4 - Especulativa | P72: =IFERROR(IF(LEFT(O72,1)="1",0.1,IF(LEFT(O72,1)="2",0.25,IF(LEFT(O72,1)="3",0.5,IF(LEFT(O72,1)="4",1,"")))),"") -> 1 | R72: literatura | S72: https://doi.org/10.1016/j.ijbiomac.2025.149697 | T72: Nicolas | V72: Parametros extraidos
A73: P072 | B73: 40 | C73: 3 - Nao usar / corrigir | D73: Psylliodes chrysocephala | E73: dsProsβ6 | F73: Foliar | G73: Proteção contra Radiação UV | H73: Moderada; os sinais de degradação começaram a aparecer após 6 horas | I73: 6 | J73: horas | N73: Até 6 h sob UV 302 nm, ~1000–1050 µW/cm² — sinal de degradação; ensaio testou até 12 h no total (Fig. 4c,d) — NÃO é "15 dias" | O73: 4 - Especulativa | P73: =IFERROR(IF(LEFT(O73,1)="1",0.1,IF(LEFT(O73,1)="2",0.25,IF(LEFT(O73,1)="3",0.5,IF(LEFT(O73,1)="4",1,"")))),"") -> 1 | R73: literatura | S73: https://doi.org/10.1016/j.ijbiomac.2025.149697 | T73: Nicolas | V73: Parametros extraidos

Sheet Listas
A1: Membros | B1: Status | C1: Rota de entrega | D1: Forma do dsRNA | E1: Unidade da dose | F1: Parâmetros | G1: Endpoint | H1: Método da medição | I1: Grupo controle | J1: Grau de transferibilidade | K1: Decisão afetada | L1: Ação recomendada | M1: Triagem | N1: incerteza_tipo | O1: usar_em_modelo | P1: modo
A2: Daniel | B2: Em análise | C2: Injeção | D2: dsRNA nu | E2: ng/µL | F2: knockdown_BicC | G2: Knockdown de transcrito | H2: RT-qPCR | I2: dsGFP | J2: 1 - Direta | K2: Escolha do alvo | L2: Usar como faixa inicial | M2: 1 - Verificar (prioridade) | N2: SD | O2: sim | P2: literatura
A3: Marcos | B3: Analisado | C3: Dieta artificial | D3: siRNA | E3: µg/mL | F3: knockdown_dsRNase2 | G3: Oviposição | H3: RNA-seq | I3: Água | J3: 2 - Parcialmente direta | K3: Faixa de dose | L3: Usar como prior fraco | M3: 2 - Usar com ressalva | N3: EP | O3: sim (qualitativo) | P3: ajustado
A4: Gabriel | B4: Em revisão | C4: Foliar | D4: hairpin RNA | E4: ng/inseto | F4: ovos_por_fêmea | G4: Eclosão | H4: Gel de agarose | I4: Dieta sem dsRNA | J4: 3 - Indireta | K4: Rota de entrega | L4: Usar apenas qualitativamente | M4: 3 - Nao usar / corrigir | N4: IC95 | O4: nao
A5: Tales | B5: Revisado | C5: Bactéria oral | D5: dsRNA bacteriano | E5: µg/inseto | F5: ovos_por_grupo | G5: Mortalidade | H5: Bioensaio de oviposição | I5: Inseto sem tratamento | J5: 4 - Especulativa | K5: Modelo k_deg | L5: Validar experimentalmente | N5: faixa min-max
A6: Mariana | B6: Concluído | C6: Nanocarreador | D6: lisado bacteriano | E6: células/mL | F6: taxa_eclosão | G6: Sobrevivência | H6: Microscopia | I6: Esporo vazio | K6: Modelo knockdown | L6: Comparar com outro artigo | N6: ausente
A7: Beatriz | B7: Removido | C7: Planta transgênica | D7: esporo | E7: esporos/mL | F7: mortalidade | G7: Integridade do dsRNA | H7: Contagem manual | I7: Bactéria sem dsRNA | K7: Modelo oviposição | L7: Solicitar sequência aos autores
A8: Sofia | C8: In vitro | D8: nanopartícula | E8: OD600 | F8: sobrevivência | G8: Produção de dsRNA | H8: EPG | I8: Nanocarreador vazio | K8: Controle experimental | L8: Converter unidade antes de usar
A9: Nicolas | C9: Fermentação | D9: planta expressando dsRNA | E9: µg/cm² | F9: k_deg | G9: Ingestão | H9: BLAST | I9: Buffer | K9: Gate de entrega | L9: Não usar em modelo
A10: Jhenifer | C10: Não informado | D10: célula bacteriana íntegra | E10: mg/L | F10: t1/2 | G10: Off-target | H10: Espectrofotometria | I10: Não informado | K10: Gate de payload | L10: Usar como controle positivo
A11: Leandro | D11: Não informado | E11: nM | F11: EC50 | G11: Comportamento alimentar | H11: Fluorescência | K11: Off-target | L11: Revisar estatística
E12: µM | F12: Emax | G12: Crescimento microbiano | H12: CFU | K12: Biofábrica | L12: Extrair dado da figura
F13: n_Hill | G13: Estabilidade ambiental | H13: OD600 | K13: Biossegurança | L13: Buscar suplemento
F14: E_ing | G14: Não informado | H14: HPLC | K14: Desenho experimental
F15: payload_dsRNA | H15: Não informado
F16: DT50
F17: DT90
F18: offtarget_hits
F19: GC_content
F20: fragmento_tamanho
F21: OD600_final
F22: esporos_mL

Sheet Lacunas
A1: Parametro | B1: Descricao | C1: Unidade esperada | D1: Status | E1: Evidencia atual no banco | F1: Impacto se continuar ausente | G1: Acao recomendada | H1: Responsavel
A2: k_deg | B2: Constante de degradacao de dsRNA | C2: h^-1 ou min^-1 | D2: AUSENTE | E2: Nenhuma linha traz k em unidade de tempo^-1. So ha Vmax/Km (outro modelo) e limites inferiores. | F2: Bloqueia M1 (degradacao/AUC) e M3 (acoplado). | G2: Extrair curva C(t) via WebPlotDigitizer de qualquer artigo que publique e ajustar k localmente. | H2: Banco
A3: E_ing | B3: Eficiencia de ingestao a partir de superficie foliar | C3: adimensional | D3: AUSENTE | E3: Nenhum valor. As linhas 3-4 (EPG) fornecem argumento mecanistico, nao o parametro. | F3: Domina a incerteza de toda a cadeia. Incerteza ESTRUTURAL, nao parametrica. | G3: Experimento proprio (marcacao/qPCR de 16S em conteudo intestinal). Nao resolvivel por literatura. | H3: Wet Lab
A4: EC50_KD | B4: Dose interna para 50% do knockdown maximo | C4: ng/uL ou ng/inseto | D4: AUSENTE | E4: As linhas 20-23 dao pontos isolados, sem curva. | F4: Bloqueia o modelo de Hill (M2). | G4: Reunir todos os pontos dose-resposta de RNAi oral em Hemiptera e ajustar Hill conjunto. | H4: Banco + Modelagem
A5: E_max, n_Hill | B5: Efeito maximo e coeficiente de Hill | C5: % / adimensional | D5: AUSENTE | E5: Idem EC50. | F5: Bloqueia M2. | G5: Idem EC50. | H5: Banco + Modelagem
A6: q_R,E | B6: Payload de dsRNA por unidade de carrier | C6: ug/mL ou ug/g biomassa | D6: CONTRADITORIO | E6: Linha 5 = 3,4 ug/mL vs linha 34 = 95 ug/mL, mesmo sistema (E. coli HT115). Discrepancia ~28x. | F6: A faixa sozinha atravessa a fronteira de viabilidade da biofabrica. | G6: Resolver com fontes primarias. Buscar dados especificos de B. subtilis, nao de E. coli. | H6: Banco
A7: beta_KD->ovos | B7: Efeito do knockdown de BicC sobre oviposicao | C7: coef. log-linear | D7: AUSENTE | E7: Ha fecundidade basal (linhas 6,17-19) e ha oviposicao pos-RNAi (20-23), mas nao pareadas com % de knockdown. | F7: Bloqueia o elo entre efeito molecular e fenotipo. | G7: Extrair KD e ovos do MESMO experimento em Dalaison-Fuentes 2022. | H7: Banco
A8: offtarget_hits | B8: Correspondencias em organismos nao-alvo | C8: contagem de 21-mers | D8: AUSENTE | E8: Zero linhas no banco sobre organismos nao-alvo. | F8: Bloqueia a analise de seguranca e a secao de Safety da wiki. | G8: Definir lista de nao-alvos e transcriptomas disponiveis. | H8: Bioinformatica
A9: t_delay | B9: Latencia entre exposicao e knockdown mensuravel | C9: h ou dias | D9: PARCIAL | E9: Linhas 2 e 14 sugerem latencia (sem efeito em 2 dias, efeito em 4). | F9: Afeta o desenho temporal de qualquer bioensaio. | G9: Quantificar a partir das series temporais dos mesmos artigos. | H9: Banco
A10: k_deg_proteina (dsRNase) | B10: Meia-vida da proteina dsRNase-2 | C10: h^-1 | D10: AUSENTE | E10: Nenhuma fonte. Necessario para a camada transcrito->proteina->atividade em M3. | F10: Determina se co-administracao ou pre-exposicao e superior. | G10: Usar faixa generica de meia-vida de proteina secretada de inseto, declarada como nao informada. | H10: Modelagem

Sheet Guia v2
A1: Guia rapido — Banco de Evidencias v2
A3: Pipeline do banco (3 etapas) | B3: 1) Coleta assistida por LLM (feita) -> 2) Triagem de plausibilidade por LLM, supervisionada por humano (feita; aba "Etapa 2 - Triagem LLM (orig)") -> 3) Verificacao humana contra fonte primaria (PENDENTE; entregavel do ciclo atual, aba "Banco v2").
A4: Por que a Etapa 2 nao basta | B4: Na Etapa 2, o humano avaliou o veredito do LLM sobre cada linha, mas nao abriu o artigo original. Isso captura incoerencias grosseiras, mas nao captura erro de extracao silenciosa (ex.: mesma fonte gerando dois valores incompativeis) nem fabricacao plausivel de valor ou DOI.
A5: Regra central | B5: Cada linha do "Banco v2" = uma condicao experimental unica (especie x alvo x rota x dose x tempo). Cada linha de "Parametros (long)" = um unico parametro medido.
A6: Fluxo de trabalho | B6: 1) Triagem (ja preenchida) -> 2) Verificacao humana da fonte primaria -> 3) Preenchimento de valor_num, unidade, incerteza e n -> 4) usar_em_modelo = sim -> 5) exportacao para a Modelagem.
A7: Verificacao humana | B7: Abrir o artigo. Localizar o valor na figura ou tabela. Registrar nome e data em "Verificado por (humano)". Triagem automatizada por LLM NAO conta como verificacao.
A8: Valores de figura | B8: Usar WebPlotDigitizer e salvar o arquivo de projeto no repositorio, na mesma pasta do artigo.
A9: Regra de ouro do valor | B9: Nunca escrever unidade dentro de "valor_num". Numero puro em valor_num; unidade em "unidade"; tudo o mais em "Observacao".
A10: Incerteza | B10: Registrar sempre incerteza_tipo, incerteza_valor e n. Um valor sem n nao pode virar prior ponderada.
A12: Transferibilidade 1 | B12: Direta: D. maidis, mesma rota de entrega e mesmo estagio de vida.
A13: Transferibilidade 2 | B13: Parcialmente direta: D. maidis, mas rota, estagio ou endpoint diferentes.
A14: Transferibilidade 3 | B14: Indireta: outro Hemiptera ou sugador com mecanismo analogo.
A15: Transferibilidade 4 | B15: Especulativa: outra ordem, outro sistema, ensaio in vitro sem correspondencia fisiologica.
... A21: Criterio de bloqueio | B21: Nenhum parametro entra em modelo quantitativo sem: valor_num, unidade, grau e verificacao humana. Sem isso, usar apenas qualitativamente.

Sheet Resumo da triagem
A1: BioGuard | Banco de Evidencias v2 — Resumo da triagem
D2: Meta do ciclo
A3: Indicador | B3: Valor | D3: 1. Verificar humanamente as 16 linhas marcadas "1 - Verificar".
A4: Linhas no banco | B4: =COUNTA('Banco v2'!A2:A1000) -> 41 | D4: 2. Reextrair ou remover as 12 linhas marcadas "3 - Nao usar".
A5: 1 - Verificar (prioridade) | B5: =COUNTIF('Banco v2'!B2:B1000,"1*") -> 16 | D5: 3. Preencher incerteza e n para toda linha com usar_em_modelo = sim.
A6: 2 - Usar com ressalva | B6: =COUNTIF('Banco v2'!B2:B1000,"2*") -> 15 | D6: 4. Entregar a Modelagem apenas os parametros verificados (parameters.yaml).
A7: 3 - Nao usar / corrigir | B7: =COUNTIF('Banco v2'!B2:B1000,"3*") -> 10 | D7: 5. Fechar pelo menos uma lacuna: prioridade em k_deg (extrair curva C(t)).
A8: Linhas verificadas por humano | B8: =COUNTA('Banco v2'!D2:D1000) -> 0
A10: Pares parametro-valor | B10: =COUNTA('Parametros (long)'!A2:A1000) -> 72
A11: Com valor numerico extraido | B11: =COUNT('Parametros (long)'!I2:I1000) -> 45
A12: Com unidade registrada | B12: =COUNTA('Parametros (long)'!J2:J1000) -> 44
A13: Com incerteza registrada | B13: =COUNTA('Parametros (long)'!K2:K1000) -> 4
A14: Com n registrado | B14: =COUNTA('Parametros (long)'!M2:M1000) -> 2
A15: Marcados usar_em_modelo = sim | B15: =COUNTIF('Parametros (long)'!Q2:Q1000,"sim") -> 17
A17: Grau 1 - Direta | B17: =COUNTIF('Banco v2'!AH2:AH1000,"1*") -> 8
A18: Grau 2 - Parcialmente direta | B18: =COUNTIF('Banco v2'!AH2:AH1000,"2*") -> 10
A19: Grau 3 - Indireta | B19: =COUNTIF('Banco v2'!AH2:AH1000,"3*") -> 7
A20: Grau 4 - Especulativa | B20: =COUNTIF('Banco v2'!AH2:AH1000,"4*") -> 15

Sheet Etapa 2 - Triagem LLM (orig)
A1: Linha original | B1: Humano supervisor da triagem | C1: Título | D1: DOI | E1: Espécie | F1: Alvo | G1: Condição-chave | H1: Status da triagem de plausibilidade | I1: Prioridade | J1: Confianca da triagem (NAO e verificacao contra fonte) | K1: Usar em modelo? | L1: Achado da triagem de plausibilidade | M1: Problemas detectados | N1: Correção/ação sugerida | O1: Fonte consultada pela triagem (pode nao ser a fonte primaria) | P1: Ferramenta usada (LLM, supervisionado por humano) | Q1: Data da triagem
A2: 2 | B2: Beatriz | C2: Assessing the Functionality of RNA Interference (RNAi) in the Phloem-feeding Maize pest Dalbulus maidis | D2: 10.1101/2021.09.29.462424 | E2: Dalbulus maidis | F2: V-ATPase D | G2: Dieta artificial | dsRNA nu | 500 ng/µL | 2 dias | H2: Pendente de verificação primária | I2: Alta | J2: Baixa-média | K2: Usar apenas qualitativamente até conferir o preprint/PDF | L2: Título/DOI são plausíveis, mas a página do bioRxiv não foi acessível na revisão automatizada. Valores de sobrevivência, deformação e janela temporal precisam ser conferidos no texto/figuras. | M2: Nenhum problema crítico identificado nesta rodada | N2: Manter como condição temporal separada, mas confirmar se o ponto de 2 dias foi realmente não significativo para a subunidade indicada. | O2: https://doi.org/10.1101/2021.09.29.462424 | P2: ChatGPT - revisão científica cautelosa | Q2: 2026-06-18
A3: 3 | B3: Daniel | C3: Probing behavior of the corn leafhopper Dalbulus maidis on susceptible and resistant maize hybrids | D3: 10.1371/journal.pone.0259481 | E3: Dalbulus maidis | F3: EPG | G3: Foliar | NA | NA NA | 20 h | H3: Parcialmente confirmada | I3: Alta | J3: Média | K3: Pode ser usada para raciocínio de gate de entrega; números específicos exigem conferência de tabela/raw data | L3: Fonte aberta confirmou estudo EPG com registros de 20 h, DK670 suscetível e DK390 resistente; confirma qualitativamente mais probes curtos em DK390 e dificuldades de ingestão no floema. O valor 313.97 min e a proporção ~80% não foram localizados no texto HTML disponível. | M3: Valor numérico específico não confirmado no texto HTML consultado | N3: Conferir Tabela 2, Tabela 3 ou raw data suplementar antes de usar 313.97 min ou ~80% em modelo. | O3: https://journals.plos.org/plosone/article?id=10.1371/journal.pone.0259481 | P3: ChatGPT - revisão científica cautelosa | Q3: 2026-06-18
A4: 4 | B4: Daniel | C4: Probing behavior of the corn leafhopper Dalbulus maidis on susceptible and resistant maize hybrids | D4: 10.1371/journal.pone.0259481 | E4: Dalbulus maidis | F4: EPG | G4: Foliar | NA | NA NA | 20 h | H4: Parcialmente confirmada | I4: Alta | J4: Média | K4: Pode ser usada para raciocínio de gate de entrega; números específicos exigem conferência de tabela/raw data | L4: Fonte aberta confirmou estudo EPG com registros de 20 h, DK670 suscetível e DK390 resistente; confirma qualitativamente mais probes curtos em DK390 e dificuldades de ingestão no floema. O valor 313.97 min e a proporção ~80% não foram localizados no texto HTML disponível. | M4: Nenhum problema crítico identificado nesta rodada | N4: Manter com cautela; conferir fonte primária antes de uso quantitativo | O4: https://journals.plos.org/plosone/article?id=10.1371/journal.pone.0259481 | P4: ChatGPT - revisão científica cautelosa | Q4: 2026-06-18
A5: 5 | B5: Daniel | C5: Scale-up of double-stranded RNA production in fed-batch fermentation... (Citado em PMC8473835) | E5: Escherichia coli HT115 | F5: dsRNA amplo | G5: Fermentação | Plasmídeo interno (L4440) | NA NA | NA | H5: Corrigir antes de usar | I5: Alta | J5: Baixa | K5: Não usar em modelo quantitativo | L5: Registro bibliográfico incompleto. Os valores de 3.4 µg/mL e 95 µg/mL podem estar corretos, mas não foram rastreados a um artigo primário identificável nesta revisão. | M5: DOI ausente ou incompleto | Referência sem DOI e título incompleto | N5: Identificar artigo primário, autores, ano, DOI e método de quantificação antes de manter como evidência operacional. | O5: Fonte secundária citada como PMC8473835; DOI e título integral não informados na planilha | P5: ChatGPT - revisão científica cautelosa | Q5: 2026-06-18
A6: 6 | B6: Gabriel | C6: Comparison of Fecundity and Body Size of Mexican and Argentinian Populations of Dalbulus maidis (Hemiptera: Cicadellidae) | D6: 10.1603/AN09164 | E6: Dalbulus maidis / Argentina <1000 m | F6: Fecundidade basal | G6: NA | NA | NA NA | 5 dias | H6: Pendente de verificação primária | I6: Média | J6: Baixa-média | K6: Usar como prior fraco até conferir artigo/tabela | L6: DOI e título são plausíveis, porém o artigo não foi acessado em texto completo na revisão automatizada. Os valores de ovos/fêmea precisam ser conferidos na tabela original. | M6: Nenhum problema crítico identificado nesta rodada | N6: Confirmar se os valores (~13, ~20, ~26 ovos/fêmea em 5 dias) correspondem às populações/altitudes indicadas. | O6: https://doi.org/10.1603/AN09164 | P6: ChatGPT - revisão científica cautelosa | Q6: 2026-06-18
A7: 7 | B7: Nicolas | C7: Biochemical Comparison of dsRNA Degrading Nucleases in Four Different Insects | D7: 10.3389/fphys.2018.00624 | E7: Locusta migratoria | F7: dsRNA de EGFP | G7: In vitro | dsRNA nu | 500 µM | NA | H7: Corrigir campo de dose; parâmetros confirmados | I7: Alta | J7: Alta | K7: Usar parâmetros Vmax/Km apenas como cenário comparativo, não como parâmetro direto para D. maidis | L7: Fonte confirma substrato final de dsRNA marcado a 0.5 µM e confirma Vmax/Km: S. litura 13.40/2.28, L. migratoria 9.46/3.06, P. americana 3.58/0.27, Z. atratus 38.87/17.59. | M7: Valor da dose está como 500 µM; fonte indica 0.5 µM | N7: Corrigir Valor da dose para 0.5 mantendo Unidade da dose = µM. | O7: https://www.frontiersin.org/journals/physiology/articles/10.3389/fphys.2018.00624/full | P7: ChatGPT - revisão científica cautelosa | Q7: 2026-06-18
A8: 8 | B8: Nicolas | C8: Biochemical Comparison of dsRNA Degrading Nucleases in Four Different Insects | D8: 10.3389/fphys.2018.00624 | E8: Periplaneta americana | F8: dsRNA de EGFP | G8: In vitro | dsRNA nu | 500 µM | NA | H8: Corrigir campo de dose; parâmetros confirmados | I8: Alta | J8: Alta | K8: Usar parâmetros Vmax/Km apenas como cenário comparativo, não como parâmetro direto para D. maidis | L8: Fonte confirma substrato final de dsRNA marcado a 0.5 µM e confirma Vmax/Km: S. litura 13.40/2.28, L. migratoria 9.46/3.06, P. americana 3.58/0.27, Z. atratus 38.87/17.59. | M8: Valor da dose está como 500 µM; fonte indica 0.5 µM | N8: Corrigir Valor da dose para 0.5 mantendo Unidade da dose = µM. | O8: https://www.frontiersin.org/journals/physiology/articles/10.3389/fphys.2018.00624/full | P8: ChatGPT - revisão científica cautelosa | Q8: 2026-06-18
A9: 9 | B9: Nicolas | C9: Biochemical Comparison of dsRNA Degrading Nucleases in Four Different Insects | D9: 10.3389/fphys.2018.00624 | E9: Zophobas atratus | F9: dsRNA de EGFP | G9: In vitro | dsRNA nu | 500 µM | NA | H9: Corrigir campo de dose; parâmetros confirmados | I9: Alta | J9: Alta | K9: Usar parâmetros Vmax/Km apenas como cenário comparativo, não como parâmetro direto para D. maidis | L9: Fonte confirma substrato final de dsRNA marcado a 0.5 µM e confirma Vmax/Km: S. litura 13.40/2.28, L. migratoria 9.46/3.06, P. americana 3.58/0.27, Z. atratus 38.87/17.59. | M9: Valor da dose está como 500 µM; fonte indica 0.5 µM | N9: Corrigir Valor da dose para 0.5 mantendo Unidade da dose = µM. | O9: https://www.frontiersin.org/journals/physiology/articles/10.3389/fphys.2018.00624/full | P9: ChatGPT - revisão científica cautelosa | Q9: 2026-06-18
A10: 10 | B10: Gabriel | C10: Reproductive strategy of overwintering Dalbulus maidis (Hemiptera: Cicadellidae) in subtropical areas: neither temperature nor photoperiod, only corn triggers oviposition | D10: 10.1002/ps.70227 | E10: Dalbulus maidis | F10: Oviposição basal / ativação ovariana | G10: Não informado | NA | NA NA | > 2 semanas | H10: Pendente de verificação primária | I10: Média | J10: Baixa-média | K10: Usar qualitativamente até conferir artigo | L10: Título/DOI indicam estudo específico de D. maidis, mas o texto completo não foi acessado nesta revisão. Valores de fertilidade/tempo precisam de conferência. | M10: Nenhum problema crítico identificado nesta rodada | N10: Completar decisão afetada e ação recomendada se estiverem vazias na linha principal. | O10: https://doi.org/10.1002/ps.70227 | P10: ChatGPT - revisão científica cautelosa | Q10: 2026-06-18
A11: 11 | B11: Daniel | C11: Knockdown of double-stranded RNases enhances oral RNA interference in the corn leafhopper | D11: 10.1016/j.pestbp.2023.105618 | E11: Dalbulus maidis | F11: dsRNase-2 | G11: In vitro | dsRNA nu | NA NA | 12 h | H11: Pendente de verificação primária | I11: Alta | J11: Média-baixa | K11: Usar como hipótese forte, mas não como valor quantitativo final até conferir artigo | L11: DOI/título indicam artigo primário relevante para dsRNase-2 em D. maidis. A fonte primária Elsevier não foi acessível na revisão automatizada; valores de 12 h, 12–24 h e redução 23.6x precisam ser conferidos no artigo. | M11: Nenhum problema crítico identificado nesta rodada | N11: Manter linha ex vivo separada para k_deg, porém confirmar se o ensaio foi glândula salivar, intestino médio ou outro tecido e qual controle foi usado. | O11: https://doi.org/10.1016/j.pestbp.2023.105618 | P11: ChatGPT - revisão científica cautelosa | Q11: 2026-06-18
A12: 12 | B12: Beatriz | C12: Assessing the Functionality of RNA Interference (RNAi) in the Phloem-feeding Maize pest Dalbulus maidis | D12: 10.1101/2021.09.29.462424 | E12: Dalbulus maidis | F12: V-ATPase B | G12: Dieta artificial | dsRNA nu | 500 ng/µL | 4 dias | H12: Pendente de verificação primária | I12: Alta | J12: Baixa-média | K12: Usar apenas qualitativamente até conferir o preprint/PDF | L12: Título/DOI são plausíveis, mas a página do bioRxiv não foi acessível na revisão automatizada. Valores de sobrevivência, deformação e janela temporal precisam ser conferidos no texto/figuras. | M12: Nenhum problema crítico identificado nesta rodada | N12: Confirmar no preprint se os valores de sobrevivência (~16% ou ~18%) correspondem exatamente ao alvo B/D e ao quarto dia. | O12: https://doi.org/10.1101/2021.09.29.462424 | P12: ChatGPT - revisão científica cautelosa | Q12: 2026-06-18
A13: 13 | B13: Beatriz | C13: Assessing the Functionality of RNA Interference (RNAi) in the Phloem-feeding Maize pest Dalbulus maidis | D13: 10.1101/2021.09.29.462424 | E13: Dalbulus maidis | F13: V-ATPase D | G13: Dieta artificial | dsRNA nu | 500 ng/µL | 4 dias | H13: Pendente de verificação primária | I13: Alta | J13: Baixa-média | K13: Usar apenas qualitativamente até conferir o preprint/PDF | L13: Título/DOI são plausíveis, mas a página do bioRxiv não foi acessível na revisão automatizada. Valores de sobrevivência, deformação e janela temporal precisam ser conferidos no texto/figuras. | M13: Nenhum problema crítico identificado nesta rodada | N13: Confirmar no preprint se os valores de sobrevivência (~16% ou ~18%) correspondem exatamente ao alvo B/D e ao quarto dia. | O13: https://doi.org/10.1101/2021.09.29.462424 | P13: ChatGPT - revisão científica cautelosa | Q13: 2026-06-18
A14: 14 | B14: Beatriz | C14: Assessing the Functionality of RNA Interference (RNAi) in the Phloem-feeding Maize pest Dalbulus maidis | D14: 10.1101/2021.09.29.462424 | E14: Dalbulus maidis | F14: V-ATPase B | G14: Dieta artificial | dsRNA nu | 500 ng/µL | 2 dias | H14: Pendente de verificação primária | I14: Alta | J14: Baixa-média | K14: Usar apenas qualitativamente até conferir o preprint/PDF | L14: Título/DOI são plausíveis, mas a página do bioRxiv não foi acessível na revisão automatizada. Valores de sobrevivência, deformação e janela temporal precisam ser conferidos no texto/figuras. | M14: Nenhum problema crítico identificado nesta rodada | N14: Manter como condição temporal separada, mas confirmar se o ponto de 2 dias foi realmente não significativo para a subunidade indicada. | O14: https://doi.org/10.1101/2021.09.29.462424 | P14: ChatGPT - revisão científica cautelosa | Q14: 2026-06-18
A15: 15 | B15: Marcos | C15: Egg Parasitoids of Dalbulus maidis (Hemiptera: Cicadellidae) in Jalisco State, Mexico | D15: 10.1653/024.092.0316 | E15: Dalbulus maidis | F15: Parasitismo natural de ovos | G15: Coleta de ovos sentinela em campo | NA | NA NA | 72–96 h de exposição em campo; ovos com menos de 24 h | H15: Pendente de verificação primária | I15: Média | J15: Baixa-média | K15: Usar como contexto ecológico, não como parâmetro direto de RNAi | L15: DOI/título indicam estudo observacional em D. maidis. Dados de ovos/parasitoides devem ser conferidos no texto primário. | M15: Nenhum problema crítico identificado nesta rodada | N15: Manter fora de decisões de potência molecular; usar apenas para contexto populacional/ecológico. | O15: https://doi.org/10.1653/024.092.0316 | P15: ChatGPT - revisão científica cautelosa | Q15: 2026-06-18
A16: 16 | B16: Marcos | C16: Specific RNA Interference in Caenorhabditis elegans by Ingested dsRNA Expressed in Bacillus subtilis | D16: 10.1371/journal.pone.0124508 | E16: Bacillus subtilis; Caenorhabditis elegans | F16: GFP transgênico; DAF-16::GFP; SUR-5::GFP | G16: Bactéria oral; alimentação em placa NGM contendo B. subtilis recombinante | dsRNA bacteriano produzido em B. subtilis ΔrncS por vetor pBSR-GFP com promotores Pspac bidirecionais | NA NA | 24 h de alimentação | H16: Confirmada com limitação de transferibilidade | I16: Média | J16: Alta | K16: Pode sustentar biofábrica/chassi em modelo distante; não usar para entrega em D. maidis | L16: Fonte confirma pBSR-GFP com fragmento de 750 bp e redução de fluorescência em ~90% dos vermes, com DAF-16::GFP residual de 3% e SUR-5::GFP quase 6 vezes menor. | M16: Nenhum problema crítico identificado nesta rodada | N16: Preservar grau 4 - Especulativa; separar claramente biofábrica de entrega para cigarrinha. | O16: https://journals.plos.org/plosone/article?id=10.1371/journal.pone.0124508 | P16: ChatGPT - revisão científica cautelosa | Q16: 2026-06-18
A17: 17 | B17: Gabriel | C17: Comparison of Fecundity and Body Size of Mexican and Argentinian Populations of Dalbulus maidis (Hemiptera: Cicadellidae) | D17: 10.1603/AN09164 | E17: Dalbulus maidis / México >1000 m | F17: Fecundidade basal | G17: NA | NA | NA NA | 5 dias | H17: Pendente de verificação primária | I17: Média | J17: Baixa-média | K17: Usar como prior fraco até conferir artigo/tabela | L17: DOI e título são plausíveis, porém o artigo não foi acessado em texto completo na revisão automatizada. Os valores de ovos/fêmea precisam ser conferidos na tabela original. | M17: Nenhum problema crítico identificado nesta rodada | N17: Confirmar se os valores (~13, ~20, ~26 ovos/fêmea em 5 dias) correspondem às populações/altitudes indicadas. | O17: https://doi.org/10.1603/AN09164 | P17: ChatGPT - revisão científica cautelosa | Q17: 2026-06-18
... A33: 33 | B33: Nicolas | C33: Biochemical Comparison of dsRNA Degrading Nucleases in Four Different Insects | D33: 10.3389/fphys.2018.00624 | E33: Spodoptera litura | F33: dsRNA de EGFP | G33: In vitro | dsRNA nu | 500 µM | 25 min | H33: Corrigir campo de dose; parâmetros confirmados | I33: Alta | J33: Alta | K33: Usar parâmetros Vmax/Km apenas como cenário comparativo, não como parâmetro direto para D. maidis | L33: Fonte confirma substrato final de dsRNA marcado a 0.5 µM e confirma Vmax/Km: S. litura 13.40/2.28, L. migratoria 9.46/3.06, P. americana 3.58/0.27, Z. atratus 38.87/17.59. | M33: Valor da dose está como 500 µM; fonte indica 0.5 µM | N33: Corrigir Valor da dose para 0.5 mantendo Unidade da dose = µM. | O33: https://www.frontiersin.org/journals/physiology/articles/10.3389/fphys.2018.00624/full | P33: ChatGPT - revisão científica cautelosa | Q33: 2026-06-18
A34: 34 | B34: Daniel | C34: Scale-up of double-stranded RNA production in fed-batch fermentation... (Citado em PMC8473835) | E34: Escherichia coli HT115 | F34: dsRNA amplo | G34: Fermentação (fed-batch contínua) | Plasmídeo interno | NA NA | NA | H34: Corrigir antes de usar | I34: Alta | J34: Baixa | K34: Não usar em modelo quantitativo | L34: Registro bibliográfico incompleto. Os valores de 3.4 µg/mL e 95 µg/mL podem estar corretos, mas não foram rastreados a um artigo primário identificável nesta revisão. | M34: DOI ausente ou incompleto | Referência sem DOI e título incompleto | N34: Identificar artigo primário, autores, ano, DOI e método de quantificação antes de manter como evidência operacional. | O34: Fonte secundária citada como PMC8473835; DOI e título integral não informados na planilha | P34: ChatGPT - revisão científica cautelosa | Q34: 2026-06-18
A35: 35 | B35: Daniel | C35: RNA Interference Is Enhanced by Knockdown of Double-Stranded RNases in the Yellow Fever Mosquito Aedes aegypti | D35: 10.3390/insects11070425 | E35: Aedes aegypti | F35: Gus | G35: In vitro | dsRNA nu | 100 ng | 60 min | H35: Corrigir DOI/fonte antes de usar | I35: Alta | J35: Alta para inconsistência bibliográfica; baixa para dados | K35: Não usar | L35: O DOI 10.3390/insects11070425/URL MDPI consultado resolve para outro artigo em Insects 11(7):425, não para o título registrado sobre dsRNases em Aedes. A linha não é rastreável como está. | M35: DOI parece incompatível com o título | N35: Localizar DOI correto do artigo sobre Aedes/dsRNase antes de manter valores de 4 min/100 ng. | O35: https://www.mdpi.com/2075-4450/11/7/425 | P35: ChatGPT - revisão científica cautelosa | Q35: 2026-06-18
A36: 36 | B36: Daniel | C36: Cloning and functional characterization of a double-stranded RNA-degrading nuclease in the tawny crazy ant | D36: 10.3389/fphys.2022.833652 | E36: Nylanderia fulva | F36: dsGFP | G36: In vitro | dsRNA nu | 200 ng | 2 h | H36: Confirmada | I36: Média | J36: Alta | K36: Usar como cenário comparativo distante de degradação | L36: Fonte confirma dsGFP 200 ng incubado com fluido de midgut; apenas 23% permaneceu após 2 h, equivalente a ~77% degradado. | M36: Nenhum problema crítico identificado nesta rodada | N36: Manter grau 4 - Especulativa para BioGuard. | O36: https://www.frontiersin.org/journals/physiology/articles/10.3389/fphys.2022.833652/full | P36: ChatGPT - revisão científica cautelosa | Q36: 2026-06-18
A37: 37 | B37: Beatriz | C37: Knockdown of double-stranded RNases enhances oral RNA interference in the corn leafhopper | D37: 10.1016/j.pestbp.2023.105618 | E37: Dalbulus maidis | F37: dsRNase-2 | G37: Injeção seguida de dieta artificial | dsRNA nu | 200 ng/µL | 48 h de pré-tratamento + 3 dias de dieta oral | H37: Pendente de verificação primária | I37: Alta | J37: Média-baixa | K37: Usar como hipótese forte, mas não como valor quantitativo final até conferir artigo | L37: DOI/título indicam artigo primário relevante para dsRNase-2 em D. maidis. A fonte primária Elsevier não foi acessível na revisão automatizada; valores de 12 h, 12–24 h e redução 23.6x precisam ser conferidos no artigo. | M37: Nenhum problema crítico identificado nesta rodada | N37: Confirmar se 48 h de pré-tratamento + 3 dias é exatamente o regime reportado. | O37: https://doi.org/10.1016/j.pestbp.2023.105618 | P37: ChatGPT - revisão científica cautelosa | Q37: 2026-06-18
A38: 38 | B38: Nicolas | C38: DsRNA-based carriers with pH-tuneable release kinetics for effective control of Psylliodes chrysocephala | D38: https://doi.org/10.1016/j.ijbiomac.2025.149697 | E38: Psylliodes chrysocephala | F38: dsProsβ6 | G38: Foliar | dsRNA nu | 100 ng/µL | 15 Dias | H38: Pendente de verificação primária | I38: Média | J38: Baixa-média | K38: Usar apenas qualitativamente até conferir artigo | L38: DOI/título plausíveis, mas o artigo Elsevier não foi acessível. Valores de sobrevivência e estabilidade precisam ser conferidos. | M38: Nenhum problema crítico identificado nesta rodada | N38: Manter como evidência especulativa por ser coleóptero mastigador e rota foliar. | O38: https://doi.org/10.1016/j.ijbiomac.2025.149697 | P38: ChatGPT - revisão científica cautelosa | Q38: 2026-06-18
A39: 39 | B39: Nicolas | C39: DsRNA-based carriers with pH-tuneable release kinetics for effective control of Psylliodes chrysocephala | D39: https://doi.org/10.1016/j.ijbiomac.2025.149697 | E39: Psylliodes chrysocephala | F39: dsProsβ6 | G39: Foliar | nanopartícula / liberação rápida sensível a pH | 100 ng/µL | 15 Dias | H39: Pendente de verificação primária | I39: Média | J39: Baixa-média | K39: Usar apenas qualitativamente até conferir artigo | L39: DOI/título plausíveis, mas o artigo Elsevier não foi acessível. Valores de sobrevivência e estabilidade precisam ser conferidos. | M39: Nenhum problema crítico identificado nesta rodada | N39: Manter como evidência especulativa por ser coleóptero mastigador e rota foliar. | O39: https://doi.org/10.1016/j.ijbiomac.2025.149697 | P39: ChatGPT - revisão científica cautelosa | Q39: 2026-06-18
A40: 40 | B40: Nicolas | C40: DsRNA-based carriers with pH-tuneable release kinetics for effective control of Psylliodes chrysocephala | D40: https://doi.org/10.1016/j.ijbiomac.2025.149697 | E40: Psylliodes chrysocephala | F40: dsProsβ6 | G40: Foliar | nanopartícula / liberação lenta bifásica | 100 ng/µL | 15 Dias | H40: Pendente de verificação primária | I40: Média | J40: Baixa-média | K40: Usar apenas qualitativamente até conferir artigo | L40: DOI/título plausíveis, mas o artigo Elsevier não foi acessível. Valores de sobrevivência e estabilidade precisam ser conferidos. | M40: Nenhum problema crítico identificado nesta rodada | N40: Manter como evidência especulativa por ser coleóptero mastigador e rota foliar. | O40: https://doi.org/10.1016/j.ijbiomac.2025.149697 | P40: ChatGPT - revisão científica cautelosa | Q40: 2026-06-18
A41: 41 | B41: Sofia | C41: Effectiveness of orally-delivered doublestranded RNA on gene silencing in the stinkbug Plautia stali | D41: (https://doi.org/ 10.5061/dryad.x3ffbg7h2). | E41: Plautia stali | F41: vacuolar ATPase (vATPase), inhibitor of apoptosis (IAP), multicopper oxidase 2 (MCO2), and vacuolar-sorting protein Snf7 | G41: Dieta artificial | Não informado | NA NA | NA | H41: Registro incompleto; corrigir referência | I41: Média | J41: Baixa | K41: Não usar até completar extração | L41: A linha parece registrar um estudo em Plautia stali, mas o DOI presente aponta para Dryad/dataset. Faltam dose, tempo, endpoint e dados. | M41: DOI possivelmente de dataset e não do artigo | N41: Identificar artigo primário e preencher uma condição experimental por alvo/rota/dose/tempo. | O41: https://doi.org/10.5061/dryad.x3ffbg7h2 | P41: ChatGPT - revisão científica cautelosa | Q41: 2026-06-18
A42: 42 | B42: Beatriz | C42: Development of efficient RNAi methods in the corn leafhopper Dalbulus maidis, a promising application for pest control | D42: https://doi.org/10.1101/2022.01.17.476645 | E42: Dalbulus maidis | F42: Bicaudal C (BicC) | G42: Dieta artificial | dsRNABicC | None None | None | H42: Remover ou consolidar | I42: Alta | J42: Alta para diagnóstico de planilha; baixa para dado científico | K42: Não usar | L42: Linha incompleta/duplicada do mesmo artigo de BicC. Não representa condição experimental suficiente. | M42: Faltam dose, unidade, tempo e parâmetros | N42: Consolidar com linhas específicas de BicC já existentes ou remover da tabela principal. | O42: https://doi.org/10.1002/ps.6937 | P42: ChatGPT - revisão científica cautelosa | Q42: 2026-06-18
